employee_id,first_name,last_name,gender,age,department,job_role,job_level,business_unit,office_code,hire_date,monthly_income_usd,remote_type,travel_frequency,overtime_flag,performance_rating,promotion_last_24m,attrition,exit_date
1,Amelia,Rodriguez,Female,41,Finance,Financial Analyst,2,Enterprise,NYC,2016-05-02,7240,Remote,Rarely,No,2,No,No,
2,Harper,Smith,Female,36,HR,Talent Partner,3,Enterprise,LON,2019-10-10,9838,Hybrid,Rarely,No,2,No,No,
3,Sophia,Harris,Female,36,Customer Support,Support Specialist,1,Enterprise,CHI,2023-11-25,3000,Remote,Sometimes,No,2,No,No,
4,Charlotte,Nelson,Female,32,Engineering,Senior Software Engineer,3,Enterprise,BER,2021-03-08,12251,Hybrid,Rarely,Yes,5,No,No,
5,Riley,Torres,Female,32,Marketing,Content Strategist,2,Consumer,SFO,2017-08-08,6370,Hybrid,Frequently,No,3,No,No,
6,Samuel,Brown,Male,30,Customer Support,Support Specialist,1,Consumer,CHI,2022-09-06,3621,Onsite,Sometimes,No,5,No,No,
7,Chloe,Campbell,Female,43,Customer Support,Support Specialist,1,Platform,MEX,2023-03-02,4225,Remote,Sometimes,No,3,Yes,No,
8,Amelia,Torres,Female,36,Sales,Sales Development Rep,1,Consumer,NYC,2017-06-09,3111,Hybrid,Frequently,No,4,No,No,
9,Theodore,Gonzalez,Male,38,Engineering,Software Engineer,2,Consumer,BER,2016-09-19,9413,Remote,Rarely,Yes,4,No,Yes,2025-11-28
10,Penelope,Young,Female,33,Operations,Operations Analyst,1,Enterprise,NYC,2020-07-25,3777,Hybrid,Sometimes,No,3,Yes,No,
11,Scarlett,Adams,Female,57,Engineering,Senior Software Engineer,3,Consumer,SFO,2017-07-28,10830,Onsite,Sometimes,No,3,No,No,
12,Avery,Smith,Female,57,Operations,Business Operations Manager,4,Platform,CHI,2016-08-28,11165,Remote,Sometimes,Yes,3,Yes,No,
13,James,Gonzalez,Male,36,HR,HR Manager,4,Consumer,SFO,2019-07-08,12168,Onsite,Sometimes,Yes,2,No,No,
14,Owen,Thomas,Male,28,Sales,Account Executive,2,Consumer,SIN,2020-09-13,7800,Remote,Sometimes,No,4,No,No,
15,Scarlett,Martin,Female,42,Customer Support,Customer Success Manager,2,Consumer,LON,2017-02-13,5079,Hybrid,Rarely,Yes,2,Yes,No,
16,Camila,Wright,Female,31,Sales,Account Executive,2,Enterprise,SFO,2019-05-11,6261,Remote,Rarely,No,5,Yes,No,
17,Charlotte,Rivera,Female,30,HR,HR Generalist,2,Consumer,SFO,2016-07-27,7254,Hybrid,Rarely,No,2,No,No,
18,Abigail,Mitchell,Non-binary,27,Customer Support,Support Specialist,1,Enterprise,LON,2017-09-02,4055,Hybrid,Rarely,Yes,3,No,Yes,2024-12-22
19,Amelia,Nelson,Female,26,Operations,Operations Analyst,1,Consumer,CHI,2018-08-27,3655,Hybrid,Frequently,No,4,No,No,
20,Joseph,Thomas,Male,43,Operations,Program Manager,2,Consumer,BLR,2021-02-28,5911,Hybrid,Rarely,Yes,3,No,Yes,2025-01-28
21,Sofia,Sanchez,Female,36,Customer Support,Support Specialist,1,Consumer,SIN,2018-12-23,3000,Onsite,Frequently,Yes,2,No,Yes,2025-04-14
22,Joseph,Wright,Male,37,Sales,Sales Development Rep,1,Consumer,LON,2017-05-25,4304,Onsite,Sometimes,Yes,4,No,Yes,2025-03-03
23,Ethan,Baker,Male,40,Engineering,Software Engineer,2,Enterprise,BLR,2022-07-03,6849,Onsite,Sometimes,Yes,3,No,No,
24,Mason,Garcia,Male,39,Sales,Sales Manager,3,Enterprise,LON,2021-04-30,5462,Onsite,Rarely,Yes,4,No,Yes,2024-11-16
25,Victoria,Roberts,Female,40,Customer Support,Escalations Lead,3,Enterprise,CHI,2022-04-02,7625,Onsite,Sometimes,No,3,No,No,
26,Wyatt,Lewis,Male,56,Operations,Business Operations Manager,4,Platform,MEX,2021-04-28,9579,Remote,Frequently,Yes,3,No,Yes,2025-01-21
27,Amelia,Harris,Female,35,Customer Support,Escalations Lead,3,Enterprise,BLR,2018-04-27,10259,Onsite,Rarely,Yes,4,No,No,
28,Aiden,Wright,Male,46,Customer Support,Customer Success Manager,2,Platform,SIN,2023-07-02,5519,Hybrid,Rarely,No,4,No,No,
29,Grace,Robinson,Female,35,Finance,Financial Analyst,2,Consumer,LON,2024-07-14,7772,Hybrid,Rarely,No,4,No,No,
30,Avery,Brown,Female,42,Engineering,Software Engineer,2,Consumer,BER,2016-03-24,9022,Onsite,Frequently,Yes,3,No,Yes,2024-04-18
31,William,Martin,Male,36,Operations,Business Operations Manager,4,Enterprise,CHI,2018-03-23,13202,Remote,Frequently,No,2,No,No,
32,Owen,White,Male,48,Engineering,Software Engineer,2,Enterprise,SFO,2023-02-16,9286,Remote,Frequently,No,4,Yes,No,
33,Oliver,Moore,Male,42,Engineering,Senior Software Engineer,3,Consumer,AMS,2018-01-14,12066,Hybrid,Sometimes,No,3,No,No,
34,Charlotte,Garcia,Female,34,HR,Talent Partner,3,Enterprise,LON,2023-03-30,10721,Hybrid,Sometimes,No,4,No,Yes,2025-03-04
35,Mila,White,Female,42,Customer Support,Escalations Lead,3,Enterprise,LON,2021-02-01,11626,Hybrid,Frequently,Yes,3,No,No,
36,Elijah,Gonzalez,Male,49,Customer Support,Escalations Lead,3,Consumer,MEX,2016-08-11,8839,Onsite,Rarely,No,3,No,No,
37,Grace,Walker,Female,38,Engineering,Software Engineer,2,Platform,SFO,2022-04-24,8891,Hybrid,Rarely,Yes,2,No,No,
38,Aria,Torres,Non-binary,52,Operations,Program Manager,2,Consumer,MEX,2016-11-28,8818,Remote,Frequently,Yes,3,Yes,Yes,2025-03-10
39,Amelia,Taylor,Female,27,HR,HR Manager,4,Consumer,LON,2025-04-08,12255,Hybrid,Sometimes,No,3,Yes,No,
40,Camila,Hall,Female,23,Engineering,Data Engineer,2,Enterprise,BER,2020-11-04,8197,Hybrid,Sometimes,Yes,4,Yes,No,
41,Jacob,Moore,Male,36,Marketing,Demand Generation Manager,3,Platform,LON,2021-04-09,8589,Hybrid,Sometimes,No,3,No,Yes,2025-07-19
42,Ella,Carter,Female,38,Customer Support,Escalations Lead,3,Consumer,SIN,2021-10-08,9859,Onsite,Rarely,Yes,4,Yes,No,
43,Emma,Wilson,Female,44,Finance,FP&A Manager,3,Enterprise,CHI,2017-05-12,10635,Remote,Rarely,No,2,No,No,
44,Wyatt,Davis,Non-binary,30,Engineering,Software Engineer,2,Platform,AMS,2020-08-28,10240,Remote,Rarely,No,5,No,No,
45,Henry,Roberts,Male,28,Engineering,Data Engineer,2,Consumer,AMS,2022-07-03,9365,Onsite,Rarely,No,4,Yes,No,
46,Abigail,Gonzalez,Female,39,Customer Support,Escalations Lead,3,Enterprise,BLR,2023-11-28,8665,Onsite,Sometimes,Yes,5,No,Yes,2024-08-03
47,Jacob,Miller,Male,33,Operations,Program Manager,2,Platform,MEX,2024-10-06,7456,Onsite,Frequently,Yes,5,No,No,
48,Ava,Thomas,Female,31,Finance,FP&A Manager,3,Platform,CHI,2023-02-08,9287,Hybrid,Rarely,Yes,4,Yes,Yes,2025-11-03
49,Sofia,Clark,Female,21,Customer Support,Customer Success Manager,2,Enterprise,SIN,2023-08-30,5283,Onsite,Rarely,Yes,3,No,No,
50,William,Jones,Male,35,Operations,Program Manager,2,Platform,LON,2019-05-22,6239,Remote,Frequently,No,3,No,No,
51,Ethan,Sanchez,Non-binary,23,Operations,Program Manager,2,Consumer,BLR,2019-03-18,5640,Remote,Frequently,No,4,No,No,
52,Wyatt,Green,Male,41,Marketing,Marketing Analyst,1,Consumer,NYC,2017-01-04,3269,Hybrid,Sometimes,No,5,No,No,
53,Matthew,Moore,Male,45,Sales,Sales Manager,3,Consumer,LON,2019-10-19,8801,Remote,Frequently,No,4,No,No,
54,Emily,Baker,Female,45,Engineering,Senior Software Engineer,3,Enterprise,BER,2022-04-18,9808,Onsite,Frequently,Yes,4,No,Yes,2025-11-22
55,Nora,Wright,Female,39,Customer Support,Customer Success Manager,2,Consumer,BLR,2022-08-02,4905,Hybrid,Frequently,No,4,Yes,Yes,2024-12-16
56,Elijah,Baker,Male,47,Customer Support,Customer Success Manager,2,Enterprise,MEX,2017-05-15,8032,Remote,Rarely,Yes,5,No,Yes,2024-05-31
57,John,Anderson,Male,32,Customer Support,Escalations Lead,3,Enterprise,MEX,2017-06-16,6683,Remote,Sometimes,Yes,3,No,No,
58,Isabella,Mitchell,Female,36,Engineering,Software Engineer,2,Enterprise,AMS,2021-08-25,5198,Remote,Rarely,Yes,4,No,No,
59,Layla,Lewis,Female,37,Marketing,Content Strategist,2,Platform,NYC,2023-01-01,7127,Hybrid,Rarely,Yes,4,No,No,
60,Scarlett,Adams,Female,21,Finance,Financial Analyst,2,Consumer,LON,2020-06-21,8655,Remote,Rarely,No,3,Yes,No,
61,Oliver,Garcia,Male,44,Customer Support,Support Specialist,1,Consumer,CHI,2022-07-30,4549,Onsite,Sometimes,Yes,5,No,No,
62,Henry,Martin,Non-binary,33,Marketing,Marketing Analyst,1,Consumer,SFO,2017-03-19,5643,Hybrid,Rarely,No,3,No,No,
63,Theodore,Flores,Non-binary,45,Customer Support,Customer Success Manager,2,Enterprise,SIN,2016-04-28,5390,Hybrid,Sometimes,Yes,3,No,No,
64,Scarlett,Johnson,Female,36,Engineering,Senior Software Engineer,3,Enterprise,SFO,2024-09-16,11658,Hybrid,Rarely,No,4,No,No,
65,Camila,Nelson,Female,41,Marketing,Demand Generation Manager,3,Enterprise,SIN,2017-04-11,9442,Hybrid,Rarely,No,3,Yes,No,
66,Amelia,Sanchez,Female,41,Engineering,Data Engineer,2,Consumer,NYC,2017-05-06,8594,Remote,Frequently,Yes,4,Yes,Yes,2025-10-12
67,Theodore,Green,Male,36,Operations,Business Operations Manager,4,Consumer,LON,2023-09-25,11790,Hybrid,Rarely,No,5,Yes,No,
68,Evelyn,Mitchell,Female,31,Engineering,Data Engineer,2,Consumer,BER,2024-09-14,9105,Hybrid,Rarely,Yes,4,No,No,
69,Jack,Jones,Male,44,Customer Support,Escalations Lead,3,Platform,BLR,2023-08-21,8212,Hybrid,Rarely,No,5,No,No,
70,Evelyn,Moore,Female,28,Sales,Account Executive,2,Consumer,MEX,2019-03-21,7637,Hybrid,Sometimes,Yes,2,No,No,
71,Madison,Torres,Female,33,Operations,Business Operations Manager,4,Consumer,NYC,2019-11-07,11016,Hybrid,Rarely,No,5,Yes,No,
72,William,White,Male,36,HR,Talent Partner,3,Platform,SFO,2016-08-02,9067,Hybrid,Sometimes,No,4,No,No,
73,Grace,Nelson,Female,29,Engineering,Senior Software Engineer,3,Platform,NYC,2023-10-31,11473,Onsite,Sometimes,No,3,No,No,
74,Owen,Hall,Male,34,Engineering,Data Engineer,2,Consumer,NYC,2019-10-31,7816,Onsite,Sometimes,No,4,No,No,
75,John,Mitchell,Male,34,Customer Support,Support Specialist,1,Consumer,SIN,2017-10-26,3855,Hybrid,Sometimes,Yes,3,No,No,
76,Joseph,Lewis,Male,37,Operations,Business Operations Manager,4,Enterprise,NYC,2022-05-25,11883,Hybrid,Sometimes,Yes,5,No,No,
77,Luna,White,Female,29,Marketing,Demand Generation Manager,3,Enterprise,NYC,2017-10-18,11866,Hybrid,Rarely,Yes,3,No,No,
78,Sofia,White,Female,26,Operations,Operations Analyst,1,Consumer,NYC,2019-10-05,3842,Onsite,Sometimes,No,4,Yes,No,
79,Mateo,Smith,Male,45,Engineering,Software Engineer,2,Consumer,SFO,2024-09-14,9084,Remote,Rarely,Yes,3,Yes,No,
80,Sebastian,Thomas,Male,42,Engineering,Data Engineer,2,Consumer,BLR,2021-11-14,8107,Hybrid,Rarely,No,2,No,No,
81,Noah,Green,Male,43,Engineering,Software Engineer,2,Platform,AMS,2023-01-17,9042,Remote,Rarely,No,4,No,No,
82,Owen,Robinson,Male,41,Customer Support,Escalations Lead,3,Enterprise,LON,2019-04-16,10503,Remote,Rarely,No,3,No,No,
83,Grace,Roberts,Female,36,Customer Support,Escalations Lead,3,Platform,CHI,2024-05-02,11633,Hybrid,Rarely,Yes,3,No,No,
84,Aiden,Ramirez,Male,48,Operations,Business Operations Manager,4,Consumer,CHI,2019-04-25,13872,Remote,Sometimes,Yes,3,No,No,
85,Madison,Brown,Female,33,Operations,Business Operations Manager,4,Enterprise,CHI,2022-10-24,15182,Hybrid,Frequently,Yes,4,No,No,
86,Emily,White,Female,42,Sales,Account Executive,2,Enterprise,SIN,2018-10-19,7096,Hybrid,Sometimes,No,5,Yes,No,
87,Harper,Rivera,Female,24,Engineering,Data Engineer,2,Consumer,AMS,2016-10-30,7779,Remote,Sometimes,Yes,5,No,No,
88,Theodore,Green,Male,42,Operations,Operations Analyst,1,Enterprise,NYC,2016-04-17,4301,Hybrid,Rarely,No,3,No,No,
89,Ella,Rivera,Female,34,Engineering,Data Engineer,2,Enterprise,AMS,2021-01-17,8958,Onsite,Frequently,No,4,Yes,No,
90,Mia,Hernandez,Female,45,Operations,Operations Analyst,1,Platform,BLR,2018-03-15,4677,Onsite,Sometimes,Yes,4,No,No,
91,James,Hernandez,Male,33,Engineering,Software Engineer,2,Enterprise,NYC,2016-07-05,8271,Hybrid,Frequently,Yes,4,No,No,
92,Madison,Baker,Female,44,Finance,FP&A Manager,3,Consumer,AMS,2021-06-06,9523,Onsite,Rarely,No,3,No,No,
93,Harper,Carter,Non-binary,40,HR,HR Manager,4,Enterprise,SFO,2021-01-15,14158,Onsite,Rarely,Yes,3,Yes,No,
94,Aiden,Lee,Male,31,Operations,Operations Analyst,1,Enterprise,NYC,2020-05-29,4477,Hybrid,Sometimes,Yes,3,No,Yes,2024-08-11
95,Levi,Smith,Male,28,Engineering,Data Engineer,2,Consumer,SFO,2022-05-24,9634,Remote,Sometimes,Yes,3,No,Yes,2025-09-22
96,Samuel,Martinez,Male,50,Engineering,Senior Software Engineer,3,Enterprise,BLR,2021-10-28,12290,Onsite,Rarely,No,4,No,No,
97,Alexander,Nguyen,Male,37,Customer Support,Customer Success Manager,2,Enterprise,MEX,2016-03-09,6157,Hybrid,Rarely,No,3,No,No,
98,Jack,Roberts,Male,21,HR,HR Generalist,2,Enterprise,LON,2022-12-13,9101,Hybrid,Rarely,No,4,No,No,
99,Camila,Lee,Female,44,Engineering,Data Engineer,2,Consumer,AMS,2024-04-01,8870,Remote,Rarely,No,4,No,No,
100,Mason,Wright,Male,47,Customer Support,Support Specialist,1,Enterprise,MEX,2021-06-06,3000,Remote,Sometimes,Yes,3,No,No,
101,Mila,Baker,Female,48,Operations,Business Operations Manager,4,Consumer,MEX,2019-03-24,14762,Remote,Frequently,Yes,5,Yes,Yes,2024-04-09
102,Nora,King,Female,30,HR,HR Generalist,2,Enterprise,LON,2017-02-15,5043,Onsite,Rarely,No,4,Yes,No,
103,Benjamin,Carter,Male,55,Sales,Sales Manager,3,Consumer,SFO,2021-12-31,11374,Hybrid,Rarely,No,4,No,No,
104,Madison,Young,Non-binary,43,Sales,Account Executive,2,Platform,LON,2022-05-15,8072,Remote,Frequently,Yes,4,No,Yes,2025-09-06
105,Theodore,Lopez,Male,49,Customer Support,Escalations Lead,3,Enterprise,CHI,2023-03-01,10285,Remote,Sometimes,Yes,5,No,No,
106,Harper,Perez,Female,31,Sales,Sales Development Rep,1,Enterprise,SFO,2023-06-28,5187,Hybrid,Sometimes,Yes,2,No,Yes,2025-03-03
107,Logan,Martinez,Male,36,Customer Support,Support Specialist,1,Enterprise,LON,2022-01-10,3936,Hybrid,Rarely,No,4,No,No,
108,Avery,Allen,Female,48,Customer Support,Escalations Lead,3,Enterprise,BLR,2018-04-21,8057,Onsite,Rarely,Yes,4,No,No,
109,Aiden,Johnson,Male,36,Sales,Sales Development Rep,1,Consumer,SIN,2023-11-08,4767,Onsite,Rarely,No,2,No,No,
110,Mia,Roberts,Female,39,Sales,Sales Development Rep,1,Enterprise,LON,2020-04-15,6365,Remote,Sometimes,No,3,No,No,
111,Michael,Davis,Male,44,Finance,Controller,4,Platform,LON,2016-01-15,14775,Hybrid,Rarely,No,4,No,No,
112,Emily,Martinez,Female,40,Engineering,Senior Software Engineer,3,Consumer,BER,2016-03-05,11854,Onsite,Sometimes,No,2,No,No,
113,Camila,Anderson,Female,33,Operations,Operations Analyst,1,Consumer,MEX,2024-03-15,5591,Remote,Sometimes,No,4,No,No,
114,Evelyn,Moore,Female,34,Sales,Sales Manager,3,Enterprise,NYC,2022-03-26,8136,Hybrid,Rarely,No,3,No,No,
115,Evelyn,Harris,Female,44,Engineering,Data Engineer,2,Enterprise,BLR,2016-08-24,7966,Hybrid,Frequently,No,5,No,No,
116,Oliver,Wright,Male,43,Customer Support,Support Specialist,1,Consumer,BLR,2025-01-08,4327,Hybrid,Sometimes,No,4,No,No,
117,Aiden,Davis,Male,34,Operations,Operations Analyst,1,Platform,LON,2019-03-05,4550,Hybrid,Sometimes,Yes,3,No,No,
118,John,Lee,Male,48,Engineering,Software Engineer,2,Consumer,BLR,2022-07-20,9701,Hybrid,Sometimes,Yes,3,Yes,No,
119,Mason,Taylor,Male,43,Customer Support,Escalations Lead,3,Platform,LON,2017-11-24,10666,Hybrid,Rarely,No,3,No,No,
120,Daniel,Rodriguez,Male,45,Sales,Sales Manager,3,Consumer,LON,2023-02-25,9192,Onsite,Sometimes,Yes,4,No,Yes,2024-06-14
121,Levi,Jackson,Male,36,Engineering,Software Engineer,2,Enterprise,SFO,2021-11-17,8268,Remote,Rarely,No,3,No,No,
122,Camila,Martin,Non-binary,45,Engineering,Data Engineer,2,Enterprise,SFO,2016-08-17,7603,Onsite,Sometimes,No,4,Yes,No,
123,Lucas,Wilson,Male,30,Customer Support,Support Specialist,1,Enterprise,SIN,2022-04-27,4313,Onsite,Rarely,Yes,4,Yes,No,
124,Alexander,Hernandez,Male,28,Marketing,Marketing Analyst,1,Enterprise,LON,2020-04-21,5082,Remote,Sometimes,No,4,Yes,No,
125,Mateo,Hill,Male,39,Customer Support,Support Specialist,1,Platform,LON,2018-07-23,4310,Hybrid,Sometimes,No,3,No,No,
126,Theodore,Jones,Male,37,Sales,Sales Manager,3,Consumer,NYC,2020-01-17,8825,Hybrid,Rarely,No,2,Yes,No,
127,Elizabeth,Lewis,Female,38,Marketing,Demand Generation Manager,3,Consumer,SIN,2024-10-18,10095,Onsite,Sometimes,No,3,No,No,
128,Wyatt,Thomas,Male,33,Engineering,Software Engineer,2,Enterprise,NYC,2017-11-15,7692,Hybrid,Rarely,Yes,3,No,No,
129,Isabella,Martin,Female,40,Engineering,Data Engineer,2,Platform,SFO,2025-02-22,9783,Remote,Sometimes,Yes,4,No,Yes,2025-09-10
130,Logan,Torres,Male,41,Operations,Program Manager,2,Consumer,NYC,2022-02-12,8176,Hybrid,Sometimes,Yes,3,No,Yes,2025-03-07
131,James,Green,Male,45,Marketing,Demand Generation Manager,3,Consumer,SFO,2016-10-29,9178,Hybrid,Sometimes,No,3,No,No,
132,Joseph,White,Male,55,Engineering,Data Engineer,2,Enterprise,NYC,2022-11-14,7651,Hybrid,Rarely,Yes,5,No,Yes,2025-04-10
133,Theodore,Torres,Male,39,Customer Support,Escalations Lead,3,Consumer,BLR,2019-11-13,8761,Hybrid,Sometimes,No,5,No,No,
134,Abigail,Robinson,Female,35,Marketing,Marketing Analyst,1,Enterprise,LON,2021-01-27,4490,Hybrid,Rarely,No,3,No,Yes,2025-01-13
135,Aiden,Thomas,Male,49,Finance,Controller,4,Enterprise,LON,2024-12-11,16509,Hybrid,Rarely,No,3,Yes,No,
136,Benjamin,Lewis,Male,41,Engineering,Software Engineer,2,Consumer,NYC,2022-06-22,7687,Hybrid,Rarely,No,5,Yes,No,
137,Scarlett,Hill,Non-binary,43,Customer Support,Customer Success Manager,2,Enterprise,LON,2025-02-15,7610,Hybrid,Rarely,No,4,No,No,
138,Isabella,Allen,Female,34,Customer Support,Support Specialist,1,Consumer,LON,2023-10-11,3880,Onsite,Rarely,No,5,No,No,
139,David,Thompson,Male,41,Sales,Sales Development Rep,1,Enterprise,NYC,2020-08-02,3771,Onsite,Sometimes,No,4,No,No,
140,Harper,Anderson,Female,30,Sales,Account Executive,2,Consumer,MEX,2021-09-23,7270,Remote,Frequently,No,2,Yes,No,
141,Emma,Lewis,Female,23,Sales,Sales Manager,3,Consumer,SFO,2018-08-28,8586,Remote,Frequently,No,3,No,No,
142,Mateo,Wright,Male,36,Marketing,Marketing Analyst,1,Consumer,LON,2021-10-08,6062,Hybrid,Rarely,Yes,5,No,No,
143,Lucas,Martinez,Male,30,Operations,Operations Analyst,1,Platform,BLR,2020-08-23,4116,Remote,Sometimes,Yes,3,Yes,No,
144,Camila,Green,Female,36,Customer Support,Support Specialist,1,Platform,MEX,2021-07-19,4667,Remote,Rarely,No,3,No,No,
145,Riley,Hernandez,Female,32,Sales,Sales Manager,3,Enterprise,SIN,2023-04-16,10033,Remote,Frequently,No,3,No,No,
146,Scarlett,Martin,Female,44,Finance,Controller,4,Consumer,LON,2016-11-15,13720,Onsite,Rarely,Yes,3,No,No,
147,Ava,Anderson,Female,23,Marketing,Content Strategist,2,Consumer,SIN,2019-05-10,6201,Remote,Rarely,No,3,No,No,
148,Chloe,Wilson,Female,33,Sales,Sales Manager,3,Platform,LON,2017-07-27,12261,Hybrid,Rarely,No,4,No,No,
149,Ava,Thomas,Female,46,Engineering,Software Engineer,2,Enterprise,NYC,2019-05-20,7765,Remote,Rarely,No,4,Yes,No,
150,Amelia,Young,Female,35,Marketing,Demand Generation Manager,3,Enterprise,NYC,2017-06-24,10419,Remote,Frequently,No,3,No,No,
151,Harper,Wilson,Female,39,Marketing,Demand Generation Manager,3,Platform,NYC,2023-12-28,8335,Remote,Rarely,Yes,3,No,Yes,2025-10-11
152,Ethan,Nguyen,Male,34,Engineering,Software Engineer,2,Consumer,SFO,2017-04-20,8890,Hybrid,Frequently,No,4,No,No,
153,Jackson,King,Male,35,HR,HR Generalist,2,Consumer,SFO,2017-04-28,6677,Onsite,Sometimes,Yes,4,Yes,No,
154,Emily,Brown,Female,38,Engineering,Software Engineer,2,Platform,AMS,2017-04-17,9636,Remote,Rarely,No,4,Yes,No,
155,Matthew,Rivera,Male,39,Operations,Operations Analyst,1,Consumer,LON,2017-05-04,5736,Onsite,Sometimes,No,3,No,No,
156,Camila,Jackson,Female,32,Engineering,Software Engineer,2,Consumer,BER,2022-12-25,10796,Hybrid,Rarely,Yes,3,No,Yes,2024-11-06
157,Theodore,Smith,Male,39,Sales,Sales Manager,3,Consumer,SFO,2021-12-10,9398,Hybrid,Frequently,Yes,5,No,No,
158,Chloe,Garcia,Female,47,Engineering,Data Engineer,2,Consumer,NYC,2017-06-19,6143,Onsite,Sometimes,Yes,3,No,No,
159,Sebastian,Miller,Male,35,Customer Support,Support Specialist,1,Consumer,BLR,2024-08-21,3262,Hybrid,Rarely,No,3,No,No,
160,Amelia,Thompson,Female,47,Sales,Sales Development Rep,1,Enterprise,SIN,2020-07-14,5707,Hybrid,Frequently,Yes,4,No,Yes,2025-10-28
161,Ella,White,Female,41,Marketing,Demand Generation Manager,3,Enterprise,NYC,2016-09-21,10318,Onsite,Sometimes,Yes,3,No,No,
162,Ethan,Young,Male,42,Sales,Sales Manager,3,Consumer,NYC,2020-12-31,8398,Hybrid,Frequently,Yes,5,Yes,No,
163,Elizabeth,Gonzalez,Female,31,Engineering,Software Engineer,2,Consumer,NYC,2021-05-18,9414,Onsite,Sometimes,No,4,No,No,
164,Liam,Roberts,Male,37,Customer Support,Support Specialist,1,Consumer,MEX,2017-10-15,3779,Remote,Sometimes,Yes,2,No,No,
165,Joseph,Mitchell,Male,32,Marketing,Demand Generation Manager,3,Platform,SFO,2022-04-27,9399,Onsite,Sometimes,No,3,No,No,
166,Aria,Anderson,Female,49,Sales,Account Executive,2,Enterprise,NYC,2024-01-15,5780,Onsite,Rarely,Yes,3,No,No,
167,David,White,Male,37,HR,HR Generalist,2,Consumer,NYC,2019-05-21,6598,Remote,Rarely,Yes,3,No,No,
168,Mila,Lopez,Female,37,Engineering,Data Engineer,2,Consumer,AMS,2020-05-22,8814,Remote,Rarely,No,4,No,No,
169,Lucas,Thompson,Male,30,Operations,Operations Analyst,1,Consumer,BLR,2021-01-03,3941,Remote,Frequently,No,2,Yes,No,
170,Mia,Clark,Female,33,Sales,Sales Development Rep,1,Platform,SIN,2022-06-25,5890,Hybrid,Frequently,No,4,No,No,
171,Sophia,Jones,Female,38,Sales,Account Executive,2,Consumer,SFO,2017-01-16,7554,Hybrid,Sometimes,No,3,No,No,
172,Daniel,Hernandez,Male,46,Engineering,Data Engineer,2,Consumer,SFO,2018-12-22,7258,Remote,Rarely,No,3,Yes,No,
173,Penelope,Green,Female,42,Customer Support,Customer Success Manager,2,Enterprise,SIN,2021-04-23,6838,Onsite,Rarely,Yes,4,No,No,
174,Nora,Harris,Female,39,Sales,Sales Manager,3,Consumer,SFO,2022-04-30,9456,Onsite,Sometimes,No,2,No,Yes,2024-02-15
175,Lucas,Anderson,Non-binary,45,Customer Support,Escalations Lead,3,Consumer,SIN,2021-04-28,9722,Hybrid,Sometimes,Yes,4,No,No,
176,Owen,Flores,Male,33,Sales,Sales Manager,3,Consumer,LON,2025-01-24,9771,Hybrid,Frequently,No,3,Yes,No,
177,Riley,Campbell,Female,46,Marketing,Demand Generation Manager,3,Consumer,NYC,2021-10-29,7449,Hybrid,Sometimes,No,3,No,No,
178,Isabella,Torres,Female,40,Engineering,Senior Software Engineer,3,Enterprise,NYC,2022-01-02,11488,Onsite,Rarely,No,5,No,No,
179,Isabella,Flores,Female,41,Finance,Financial Analyst,2,Consumer,AMS,2024-05-12,7981,Remote,Rarely,Yes,3,No,No,
180,Grace,Anderson,Female,39,Engineering,Data Engineer,2,Consumer,BLR,2016-12-31,7354,Hybrid,Sometimes,No,3,No,No,
181,William,Jones,Male,34,Engineering,Senior Software Engineer,3,Enterprise,BER,2018-04-02,10433,Hybrid,Sometimes,Yes,3,No,Yes,2024-09-11
182,Lucas,White,Male,37,Engineering,Data Engineer,2,Enterprise,AMS,2018-11-25,9936,Hybrid,Frequently,Yes,4,No,No,
183,David,Roberts,Male,36,Customer Support,Escalations Lead,3,Enterprise,CHI,2022-10-27,9000,Onsite,Rarely,No,4,No,No,
184,Mateo,Sanchez,Male,40,Customer Support,Customer Success Manager,2,Consumer,SIN,2023-04-05,6545,Hybrid,Sometimes,Yes,4,No,No,
185,Wyatt,Adams,Male,31,Customer Support,Customer Success Manager,2,Consumer,MEX,2025-01-30,5199,Hybrid,Rarely,No,4,No,No,
186,Chloe,Williams,Female,38,Operations,Program Manager,2,Enterprise,MEX,2024-10-19,5647,Hybrid,Frequently,No,3,No,No,
187,Luna,Rodriguez,Female,34,Marketing,Marketing Analyst,1,Enterprise,SFO,2019-10-06,4620,Hybrid,Frequently,No,4,No,No,
188,Grace,Davis,Female,35,Customer Support,Customer Success Manager,2,Consumer,LON,2018-03-07,5540,Hybrid,Sometimes,Yes,3,No,No,
189,Mila,Robinson,Female,48,Sales,Account Executive,2,Consumer,LON,2017-12-25,5358,Hybrid,Sometimes,No,3,Yes,No,
190,Logan,Carter,Male,33,Customer Support,Support Specialist,1,Consumer,CHI,2016-01-20,5053,Hybrid,Rarely,No,2,Yes,No,
191,Olivia,Green,Female,34,Marketing,Marketing Analyst,1,Consumer,LON,2021-08-23,5019,Remote,Rarely,Yes,4,Yes,No,
192,Charlotte,Hernandez,Female,38,Operations,Program Manager,2,Consumer,LON,2017-05-19,6581,Onsite,Rarely,No,3,No,No,
193,Emma,Nelson,Female,30,Finance,Controller,4,Enterprise,NYC,2020-04-06,14162,Onsite,Sometimes,No,3,No,No,
194,Penelope,Miller,Female,40,HR,HR Manager,4,Enterprise,SFO,2021-09-26,13887,Hybrid,Rarely,No,4,Yes,No,
195,Layla,Rivera,Non-binary,46,Finance,FP&A Manager,3,Consumer,AMS,2021-05-22,9567,Onsite,Rarely,Yes,3,Yes,No,
196,Oliver,Campbell,Male,36,Finance,Financial Analyst,2,Platform,NYC,2018-12-17,6653,Hybrid,Rarely,No,3,Yes,No,
197,Mason,Ramirez,Male,27,Sales,Sales Development Rep,1,Consumer,NYC,2017-11-29,5557,Hybrid,Frequently,No,3,No,No,
198,Avery,Harris,Non-binary,31,Customer Support,Customer Success Manager,2,Enterprise,LON,2016-08-28,4670,Hybrid,Sometimes,No,5,No,No,
199,Samuel,Thompson,Male,37,Engineering,Senior Software Engineer,3,Consumer,NYC,2017-04-07,7454,Remote,Frequently,No,3,Yes,No,
200,Chloe,Thomas,Female,41,HR,HR Manager,4,Consumer,BLR,2022-04-05,13273,Hybrid,Rarely,No,5,No,No,
201,Oliver,Carter,Male,23,Sales,Sales Development Rep,1,Consumer,SIN,2020-03-30,4290,Hybrid,Sometimes,No,3,No,No,
202,Sophia,Young,Female,38,Engineering,Software Engineer,2,Consumer,SFO,2022-12-10,7370,Onsite,Sometimes,No,5,No,No,
203,David,Robinson,Male,51,Operations,Program Manager,2,Enterprise,BLR,2024-07-07,10376,Hybrid,Sometimes,Yes,4,Yes,No,
204,John,Rivera,Male,40,HR,HR Generalist,2,Consumer,BLR,2020-05-28,7664,Hybrid,Rarely,No,3,No,No,
205,John,Baker,Male,28,Sales,Sales Development Rep,1,Consumer,MEX,2021-08-05,4551,Remote,Sometimes,No,2,No,No,
206,Aiden,Rodriguez,Male,40,Marketing,Demand Generation Manager,3,Consumer,NYC,2020-04-24,8775,Hybrid,Frequently,No,3,No,No,
207,Aria,Hall,Female,35,Operations,Program Manager,2,Consumer,MEX,2018-04-02,8018,Hybrid,Frequently,No,3,No,No,
208,Mason,Rivera,Male,34,Operations,Business Operations Manager,4,Enterprise,CHI,2021-12-26,10568,Hybrid,Frequently,No,3,No,Yes,2024-02-13
209,Daniel,Taylor,Non-binary,32,Sales,Sales Development Rep,1,Platform,LON,2025-02-16,5044,Hybrid,Frequently,Yes,3,No,No,
210,Noah,Harris,Male,35,Marketing,Marketing Analyst,1,Consumer,SIN,2016-08-08,4629,Remote,Sometimes,No,2,No,No,
211,Levi,Mitchell,Male,41,HR,HR Manager,4,Enterprise,LON,2023-08-28,10308,Remote,Rarely,Yes,2,No,Yes,2025-04-04
212,Camila,Rivera,Female,49,Sales,Sales Manager,3,Consumer,LON,2023-06-04,8180,Remote,Frequently,No,3,No,No,
213,Avery,Sanchez,Female,40,Engineering,Data Engineer,2,Consumer,SFO,2022-12-07,8749,Hybrid,Sometimes,No,5,No,No,
214,Mateo,Thomas,Male,33,Customer Support,Support Specialist,1,Enterprise,CHI,2022-01-21,4408,Hybrid,Frequently,Yes,4,Yes,No,
215,Ava,Wilson,Female,52,Sales,Sales Manager,3,Platform,LON,2024-04-24,11934,Hybrid,Sometimes,No,4,No,No,
216,Ava,Jones,Female,35,Sales,Sales Development Rep,1,Consumer,NYC,2020-07-27,4255,Onsite,Frequently,No,3,No,No,
217,Oliver,Carter,Male,44,Sales,Account Executive,2,Consumer,MEX,2023-09-10,8220,Remote,Sometimes,Yes,3,Yes,No,
218,David,Wright,Male,38,Customer Support,Escalations Lead,3,Platform,MEX,2024-03-06,11034,Onsite,Sometimes,Yes,4,No,Yes,2024-09-22
219,Chloe,Mitchell,Female,37,Engineering,Data Engineer,2,Consumer,BER,2018-11-01,8329,Onsite,Frequently,No,3,No,Yes,2024-02-12
220,Logan,Perez,Male,40,Sales,Account Executive,2,Consumer,SFO,2019-07-25,7856,Hybrid,Sometimes,No,3,No,No,
221,Abigail,Ramirez,Female,41,Engineering,Data Engineer,2,Consumer,BLR,2017-07-04,8931,Remote,Rarely,No,3,No,No,
222,Harper,Rodriguez,Female,37,Sales,Sales Manager,3,Consumer,MEX,2021-09-08,11290,Hybrid,Frequently,No,4,No,No,
223,James,White,Male,35,Engineering,Data Engineer,2,Consumer,AMS,2020-06-13,9422,Hybrid,Sometimes,No,2,No,No,
224,Mila,Torres,Female,36,Marketing,Demand Generation Manager,3,Enterprise,LON,2021-06-20,11129,Hybrid,Rarely,Yes,3,No,No,
225,Noah,Adams,Male,40,Customer Support,Customer Success Manager,2,Consumer,MEX,2022-06-28,7262,Remote,Sometimes,Yes,3,Yes,No,
226,Grace,Thompson,Female,40,Operations,Business Operations Manager,4,Enterprise,LON,2021-10-08,12863,Remote,Frequently,Yes,4,Yes,No,
227,Eleanor,Clark,Female,40,Engineering,Software Engineer,2,Consumer,SFO,2017-08-24,8747,Onsite,Sometimes,No,3,Yes,No,
228,Chloe,Campbell,Female,37,Engineering,Data Engineer,2,Platform,BER,2020-08-09,8366,Hybrid,Sometimes,Yes,4,No,No,
229,Lucas,Harris,Male,33,Customer Support,Customer Success Manager,2,Consumer,LON,2025-04-08,5987,Onsite,Sometimes,No,3,Yes,No,
230,Oliver,Walker,Male,46,Operations,Business Operations Manager,4,Platform,NYC,2020-09-19,11588,Hybrid,Frequently,Yes,3,Yes,Yes,2024-05-20
231,Lucas,Garcia,Male,47,Sales,Account Executive,2,Enterprise,SFO,2016-01-30,8002,Hybrid,Rarely,No,4,Yes,No,
232,Isabella,Ramirez,Female,30,Customer Support,Customer Success Manager,2,Consumer,SIN,2023-08-19,6657,Remote,Rarely,Yes,3,Yes,No,
233,David,Nelson,Male,46,Customer Support,Escalations Lead,3,Enterprise,CHI,2020-06-28,7729,Hybrid,Sometimes,No,4,No,Yes,2025-09-28
234,Ava,Taylor,Female,29,Marketing,Content Strategist,2,Consumer,LON,2020-06-29,5870,Hybrid,Sometimes,No,4,No,No,
235,Liam,Gonzalez,Male,42,Sales,Account Executive,2,Consumer,MEX,2017-11-25,7499,Onsite,Sometimes,Yes,4,No,No,
236,Mila,Gonzalez,Female,43,Marketing,Content Strategist,2,Enterprise,NYC,2022-04-09,7285,Onsite,Rarely,Yes,5,No,No,
237,Sophia,Scott,Female,42,Engineering,Senior Software Engineer,3,Enterprise,SFO,2024-11-23,13103,Hybrid,Rarely,No,4,No,No,
238,Wyatt,Nguyen,Male,39,Marketing,Content Strategist,2,Enterprise,NYC,2018-06-21,6927,Onsite,Rarely,No,4,No,No,
239,Henry,Thomas,Male,46,Customer Support,Escalations Lead,3,Consumer,MEX,2021-05-05,8170,Hybrid,Frequently,Yes,3,Yes,Yes,2025-04-27
240,Amelia,Flores,Female,30,Operations,Operations Analyst,1,Consumer,BLR,2024-07-27,4063,Onsite,Sometimes,No,4,No,No,
241,Wyatt,Torres,Male,43,Customer Support,Customer Success Manager,2,Enterprise,MEX,2022-06-20,6677,Remote,Frequently,No,3,No,No,
242,Mila,Miller,Female,50,HR,HR Generalist,2,Consumer,SFO,2019-01-08,8508,Remote,Rarely,Yes,3,No,No,
243,Mila,Rodriguez,Female,32,Customer Support,Customer Success Manager,2,Enterprise,SIN,2020-04-09,7229,Remote,Sometimes,Yes,3,No,No,
244,Mason,Young,Male,40,Operations,Business Operations Manager,4,Consumer,BLR,2018-11-07,10244,Remote,Rarely,Yes,3,No,No,
245,Sophia,Thompson,Female,30,Operations,Program Manager,2,Consumer,MEX,2023-07-20,6239,Hybrid,Rarely,Yes,3,No,No,
246,Matthew,Perez,Male,37,Engineering,Software Engineer,2,Enterprise,AMS,2019-07-21,7324,Onsite,Frequently,Yes,4,No,Yes,2025-12-07
247,Chloe,Hall,Female,37,Sales,Account Executive,2,Consumer,NYC,2016-08-08,6241,Hybrid,Frequently,No,2,No,No,
248,Chloe,Jackson,Female,38,Sales,Sales Development Rep,1,Enterprise,SIN,2019-08-25,3165,Onsite,Rarely,No,4,No,No,
249,Sebastian,Hill,Male,26,Engineering,Software Engineer,2,Enterprise,AMS,2019-11-23,7236,Hybrid,Sometimes,Yes,3,Yes,No,
250,David,Rodriguez,Male,46,Customer Support,Support Specialist,1,Consumer,MEX,2019-05-12,3000,Hybrid,Sometimes,No,2,No,No,
251,Mia,Rivera,Female,41,Customer Support,Escalations Lead,3,Platform,LON,2024-12-20,10705,Onsite,Rarely,Yes,5,No,No,
252,William,Rodriguez,Male,40,Marketing,Content Strategist,2,Consumer,SFO,2021-07-08,6546,Hybrid,Rarely,No,3,Yes,Yes,2024-07-01
253,Layla,Lewis,Female,31,Sales,Account Executive,2,Consumer,NYC,2024-12-18,6123,Onsite,Sometimes,Yes,3,No,Yes,2025-08-03
254,William,Gonzalez,Male,45,Sales,Sales Development Rep,1,Platform,SFO,2024-08-24,4553,Remote,Frequently,Yes,5,No,No,
255,Noah,Mitchell,Male,40,Customer Support,Customer Success Manager,2,Enterprise,SIN,2023-06-23,6147,Onsite,Sometimes,Yes,3,Yes,No,
256,Liam,Williams,Male,32,Customer Support,Support Specialist,1,Enterprise,SIN,2017-10-07,4222,Hybrid,Sometimes,No,3,No,No,
257,Avery,Adams,Female,45,Marketing,Demand Generation Manager,3,Platform,SFO,2020-01-07,9427,Hybrid,Rarely,No,4,No,No,
258,Benjamin,Torres,Male,33,Engineering,Senior Software Engineer,3,Enterprise,BLR,2017-10-18,12437,Remote,Rarely,No,3,No,Yes,2024-03-17
259,Mateo,White,Male,40,Engineering,Data Engineer,2,Consumer,NYC,2021-07-30,6980,Hybrid,Sometimes,No,3,No,No,
260,Eleanor,Rodriguez,Female,46,Sales,Sales Manager,3,Platform,LON,2020-05-10,9668,Onsite,Rarely,No,4,No,No,
261,Liam,Wilson,Male,25,Sales,Account Executive,2,Platform,SIN,2024-05-03,7510,Remote,Sometimes,No,5,No,No,
262,Oliver,Wilson,Male,39,Engineering,Data Engineer,2,Consumer,NYC,2023-01-05,9763,Hybrid,Sometimes,Yes,4,No,No,
263,Mia,Scott,Female,40,HR,Talent Partner,3,Enterprise,BLR,2019-12-14,9202,Hybrid,Sometimes,No,5,No,No,
264,Amelia,Torres,Female,51,Marketing,Content Strategist,2,Consumer,LON,2021-01-27,7540,Hybrid,Sometimes,No,3,No,No,
265,Aria,Smith,Non-binary,33,Engineering,Data Engineer,2,Platform,BER,2022-03-17,9494,Remote,Rarely,No,4,No,No,
266,Madison,Martin,Female,41,Customer Support,Escalations Lead,3,Enterprise,CHI,2021-05-30,9628,Hybrid,Rarely,Yes,3,No,No,
267,Eleanor,Ramirez,Female,39,Engineering,Software Engineer,2,Platform,AMS,2023-02-09,7192,Remote,Sometimes,No,3,No,No,
268,Emma,Baker,Female,48,Sales,Sales Manager,3,Platform,SIN,2024-10-25,8079,Hybrid,Rarely,No,3,Yes,Yes,2025-05-13
269,Ella,Allen,Female,39,HR,HR Manager,4,Enterprise,BLR,2021-06-21,12545,Onsite,Rarely,No,3,No,No,
270,Victoria,Ramirez,Female,39,HR,HR Generalist,2,Enterprise,SFO,2020-02-05,8576,Hybrid,Rarely,No,3,No,No,
271,Joseph,Lewis,Male,32,Marketing,Demand Generation Manager,3,Consumer,LON,2017-09-30,9439,Remote,Rarely,No,4,No,No,
272,Madison,Davis,Female,31,Operations,Program Manager,2,Enterprise,BLR,2018-11-25,8271,Onsite,Sometimes,No,3,No,No,
273,Jackson,Williams,Male,42,Finance,FP&A Manager,3,Consumer,CHI,2016-08-05,8389,Hybrid,Sometimes,No,3,No,No,
274,Liam,Jackson,Male,38,Customer Support,Escalations Lead,3,Consumer,LON,2022-09-11,7941,Hybrid,Frequently,Yes,3,Yes,No,
275,Scarlett,Martin,Female,45,Sales,Sales Development Rep,1,Platform,LON,2020-05-04,4965,Remote,Rarely,Yes,5,No,No,
276,Penelope,Flores,Female,36,Finance,Financial Analyst,2,Consumer,LON,2022-10-15,8373,Hybrid,Rarely,Yes,3,No,No,
277,Wyatt,King,Male,41,Customer Support,Support Specialist,1,Consumer,BLR,2017-10-09,3567,Remote,Sometimes,No,3,No,No,
278,Chloe,Green,Female,41,Operations,Program Manager,2,Consumer,BLR,2022-10-16,6272,Onsite,Rarely,No,4,No,No,
279,James,Allen,Male,28,Sales,Account Executive,2,Enterprise,MEX,2017-11-01,8092,Hybrid,Sometimes,No,3,Yes,No,
280,Benjamin,Carter,Male,32,Operations,Program Manager,2,Consumer,NYC,2021-02-17,8330,Remote,Frequently,Yes,5,No,Yes,2025-11-17
281,Aiden,Williams,Male,22,Operations,Operations Analyst,1,Consumer,MEX,2024-09-03,5141,Remote,Rarely,No,4,No,No,
282,Jacob,Garcia,Male,32,HR,HR Generalist,2,Consumer,NYC,2020-05-29,7654,Hybrid,Frequently,No,3,No,No,
283,Layla,Adams,Female,34,Operations,Program Manager,2,Enterprise,NYC,2020-04-22,5954,Onsite,Sometimes,No,4,No,No,
284,Matthew,Perez,Male,43,Customer Support,Customer Success Manager,2,Platform,SIN,2016-07-29,6155,Remote,Rarely,No,3,No,No,
285,Grace,Young,Female,42,Sales,Sales Development Rep,1,Platform,MEX,2021-02-01,4911,Hybrid,Rarely,No,3,Yes,No,
286,Levi,Wilson,Male,42,Customer Support,Escalations Lead,3,Consumer,CHI,2022-06-25,9894,Onsite,Rarely,Yes,4,No,No,
287,Levi,Lopez,Male,35,Finance,Controller,4,Enterprise,AMS,2019-08-15,15335,Hybrid,Rarely,No,3,No,No,
288,Elijah,Hall,Male,45,Marketing,Demand Generation Manager,3,Consumer,SFO,2016-08-26,8417,Hybrid,Rarely,Yes,2,No,No,
289,Grace,Lee,Female,31,Finance,Controller,4,Enterprise,CHI,2022-04-23,15880,Remote,Rarely,Yes,3,No,No,
290,Elijah,Mitchell,Male,30,Sales,Account Executive,2,Enterprise,LON,2023-02-24,9127,Remote,Sometimes,No,3,No,Yes,2025-02-26
291,Abigail,Perez,Female,42,Engineering,Senior Software Engineer,3,Enterprise,AMS,2023-07-17,13565,Hybrid,Rarely,Yes,4,Yes,No,
292,Daniel,Mitchell,Male,56,Engineering,Senior Software Engineer,3,Platform,SFO,2023-09-08,11374,Hybrid,Sometimes,Yes,5,No,Yes,2024-12-11
293,William,Hill,Male,27,Finance,Financial Analyst,2,Platform,NYC,2016-05-09,9228,Hybrid,Sometimes,Yes,3,Yes,No,
294,Emily,Williams,Female,32,Customer Support,Escalations Lead,3,Platform,BLR,2018-02-18,10722,Hybrid,Rarely,Yes,3,No,No,
295,Elizabeth,Campbell,Non-binary,36,Marketing,Marketing Analyst,1,Enterprise,NYC,2016-06-29,4065,Hybrid,Sometimes,Yes,4,No,Yes,2024-02-25
296,Jack,Wilson,Male,33,HR,HR Generalist,2,Consumer,SFO,2023-07-11,8946,Hybrid,Sometimes,No,2,Yes,No,
297,Benjamin,Wright,Male,32,Sales,Sales Manager,3,Enterprise,SFO,2017-12-02,9608,Onsite,Frequently,No,2,No,Yes,2024-02-08
298,Ella,Lopez,Female,36,Sales,Sales Development Rep,1,Platform,MEX,2019-09-23,5675,Hybrid,Sometimes,No,4,No,No,
299,Eleanor,Hall,Female,33,Sales,Sales Development Rep,1,Consumer,SIN,2018-07-05,5342,Hybrid,Frequently,No,3,No,Yes,2024-02-18
300,Oliver,Walker,Male,35,Customer Support,Customer Success Manager,2,Consumer,CHI,2017-06-05,8490,Hybrid,Rarely,Yes,3,No,No,
301,Elizabeth,Thomas,Female,38,Marketing,Marketing Analyst,1,Enterprise,LON,2025-02-15,4976,Remote,Rarely,No,4,No,No,
302,Theodore,Torres,Male,39,Sales,Sales Manager,3,Consumer,SIN,2019-06-15,13181,Hybrid,Rarely,No,5,Yes,No,
303,Owen,Brown,Male,32,Engineering,Senior Software Engineer,3,Consumer,SFO,2023-05-30,10943,Remote,Sometimes,No,4,No,No,
304,Owen,Martin,Male,35,Operations,Program Manager,2,Enterprise,LON,2017-06-06,6821,Remote,Sometimes,No,4,Yes,No,
305,Layla,Nguyen,Female,34,Customer Support,Customer Success Manager,2,Enterprise,LON,2017-12-11,5948,Hybrid,Rarely,Yes,3,Yes,No,
306,James,Campbell,Male,47,Sales,Account Executive,2,Enterprise,SIN,2021-02-10,6852,Remote,Rarely,No,5,No,No,
307,Elizabeth,Hill,Female,36,Marketing,Content Strategist,2,Enterprise,NYC,2020-08-09,7470,Remote,Rarely,No,5,No,No,
308,Chloe,Campbell,Female,36,Sales,Sales Development Rep,1,Platform,MEX,2022-11-03,4946,Remote,Sometimes,Yes,2,No,No,
309,Nora,Walker,Female,41,Engineering,Software Engineer,2,Enterprise,NYC,2022-09-13,8846,Remote,Frequently,Yes,4,No,No,
310,Henry,Taylor,Male,38,Sales,Sales Manager,3,Enterprise,LON,2022-08-20,12895,Onsite,Frequently,No,4,No,No,
311,Ava,Martinez,Female,37,Engineering,Data Engineer,2,Platform,NYC,2020-12-07,8115,Remote,Rarely,Yes,3,No,No,
312,Matthew,Wright,Male,36,Engineering,Senior Software Engineer,3,Consumer,BLR,2024-12-09,8904,Onsite,Rarely,Yes,4,No,No,
313,David,Moore,Male,24,Finance,FP&A Manager,3,Consumer,CHI,2021-03-03,11872,Remote,Rarely,No,4,No,No,
314,Olivia,Jones,Female,39,Operations,Program Manager,2,Consumer,CHI,2016-05-19,5339,Hybrid,Sometimes,Yes,2,Yes,No,
315,Aria,Rodriguez,Female,42,Finance,Controller,4,Enterprise,AMS,2017-03-30,11265,Remote,Sometimes,No,4,No,No,
316,Samuel,Roberts,Male,46,Customer Support,Customer Success Manager,2,Consumer,MEX,2016-09-03,5080,Remote,Rarely,No,3,No,Yes,2024-06-25
317,Matthew,Lewis,Male,34,Marketing,Demand Generation Manager,3,Consumer,SFO,2020-12-31,11214,Onsite,Sometimes,Yes,2,No,Yes,2025-07-28
318,Layla,Roberts,Female,38,HR,Talent Partner,3,Enterprise,BLR,2016-10-14,11172,Hybrid,Sometimes,No,3,Yes,No,
319,Matthew,Thompson,Male,27,Marketing,Content Strategist,2,Enterprise,SFO,2017-01-06,6172,Hybrid,Sometimes,No,3,No,Yes,2024-09-16
320,Avery,Williams,Female,41,Marketing,Content Strategist,2,Enterprise,SIN,2023-09-22,6328,Hybrid,Rarely,Yes,3,Yes,Yes,2025-06-16
321,Oliver,Wright,Male,42,Sales,Sales Manager,3,Enterprise,SFO,2019-10-21,10771,Remote,Frequently,Yes,2,No,No,
322,Logan,Flores,Male,40,Sales,Account Executive,2,Consumer,NYC,2025-03-15,7559,Hybrid,Sometimes,No,4,No,No,
323,Joseph,Flores,Male,37,Engineering,Software Engineer,2,Consumer,BLR,2017-05-09,8383,Remote,Rarely,Yes,4,Yes,No,
324,Mia,Lewis,Female,57,Marketing,Demand Generation Manager,3,Platform,LON,2022-11-13,10070,Onsite,Rarely,No,3,Yes,No,
325,Theodore,Adams,Male,40,Sales,Account Executive,2,Platform,MEX,2018-04-24,8273,Hybrid,Frequently,No,3,No,No,
326,Luna,Flores,Female,38,Finance,Financial Analyst,2,Enterprise,NYC,2018-08-23,5748,Remote,Rarely,Yes,3,No,No,
327,Isabella,Baker,Female,42,Customer Support,Support Specialist,1,Enterprise,LON,2018-05-08,5432,Onsite,Frequently,Yes,3,No,Yes,2025-05-04
328,Charlotte,Mitchell,Female,36,HR,HR Manager,4,Consumer,SFO,2020-08-16,9369,Onsite,Rarely,Yes,4,No,No,
329,Jacob,Lopez,Male,38,Operations,Operations Analyst,1,Consumer,LON,2016-05-11,4651,Hybrid,Sometimes,Yes,4,Yes,No,
330,Madison,Green,Female,34,Customer Support,Customer Success Manager,2,Platform,SIN,2021-11-07,5403,Hybrid,Sometimes,No,3,No,No,
331,Sebastian,Martinez,Male,41,Customer Support,Escalations Lead,3,Platform,SIN,2021-08-27,9024,Hybrid,Rarely,Yes,2,No,No,
332,Benjamin,Rodriguez,Male,41,Engineering,Software Engineer,2,Consumer,BER,2022-05-25,6194,Hybrid,Rarely,No,2,No,No,
333,Jack,Smith,Male,31,Customer Support,Customer Success Manager,2,Consumer,CHI,2023-10-30,6408,Hybrid,Sometimes,No,5,No,No,
334,Matthew,Baker,Male,35,Operations,Business Operations Manager,4,Platform,BLR,2022-04-07,11123,Onsite,Sometimes,Yes,4,No,Yes,2024-08-28
335,Chloe,Carter,Female,47,HR,HR Manager,4,Consumer,LON,2016-08-11,11060,Remote,Sometimes,No,2,No,No,
336,Emily,Baker,Female,39,Finance,Controller,4,Consumer,NYC,2018-01-02,13844,Remote,Rarely,No,3,No,Yes,2025-08-01
337,Liam,Jackson,Male,34,Engineering,Software Engineer,2,Platform,AMS,2019-04-09,9491,Hybrid,Rarely,No,2,No,No,
338,Logan,Nguyen,Male,28,Engineering,Data Engineer,2,Platform,NYC,2018-11-30,10150,Onsite,Rarely,Yes,3,No,No,
339,William,Lopez,Male,36,Sales,Account Executive,2,Consumer,LON,2020-02-23,5594,Onsite,Sometimes,No,3,No,No,
340,Mia,Wright,Female,47,Operations,Operations Analyst,1,Consumer,BLR,2017-10-01,4625,Onsite,Frequently,No,2,No,No,
341,Mila,Campbell,Female,31,Operations,Business Operations Manager,4,Consumer,LON,2016-04-11,12476,Onsite,Rarely,Yes,3,No,Yes,2024-03-14
342,Samuel,Moore,Male,45,Customer Support,Escalations Lead,3,Consumer,BLR,2021-09-27,9970,Hybrid,Rarely,Yes,3,No,No,
343,Emily,Thompson,Female,36,Engineering,Senior Software Engineer,3,Platform,BER,2025-01-04,10917,Remote,Rarely,No,3,No,No,
344,Luna,King,Female,45,Engineering,Software Engineer,2,Consumer,BER,2020-08-24,7328,Onsite,Sometimes,No,4,No,No,
345,Eleanor,Martin,Female,36,Engineering,Data Engineer,2,Consumer,NYC,2023-03-08,7913,Onsite,Rarely,Yes,4,No,No,
346,Harper,Young,Female,46,HR,HR Generalist,2,Enterprise,NYC,2018-11-22,5167,Hybrid,Rarely,No,4,No,No,
347,Harper,Hernandez,Female,42,Customer Support,Escalations Lead,3,Consumer,SIN,2019-01-21,8608,Hybrid,Frequently,No,3,No,No,
348,Owen,Martin,Male,43,Sales,Sales Development Rep,1,Enterprise,SFO,2016-02-22,5067,Hybrid,Sometimes,No,3,No,No,
349,Sofia,Anderson,Female,33,Operations,Operations Analyst,1,Enterprise,NYC,2023-11-16,3507,Hybrid,Frequently,No,4,Yes,No,
350,Emily,Rodriguez,Female,49,Operations,Program Manager,2,Platform,LON,2025-02-18,10424,Hybrid,Sometimes,Yes,2,Yes,Yes,2025-09-06
351,Elijah,Jones,Male,24,Operations,Program Manager,2,Enterprise,CHI,2016-08-30,7663,Hybrid,Rarely,No,3,No,No,
352,Benjamin,Nguyen,Male,41,Sales,Account Executive,2,Consumer,LON,2022-07-02,5628,Hybrid,Frequently,No,3,Yes,Yes,2024-05-17
353,Alexander,Hernandez,Male,31,Marketing,Marketing Analyst,1,Platform,NYC,2023-12-08,4167,Onsite,Rarely,No,3,No,No,
354,Ethan,Ramirez,Male,32,Finance,Financial Analyst,2,Enterprise,LON,2021-03-23,7101,Hybrid,Sometimes,Yes,2,Yes,No,
355,Evelyn,Robinson,Female,34,Sales,Sales Development Rep,1,Enterprise,MEX,2020-10-18,4879,Hybrid,Rarely,No,3,Yes,No,
356,Penelope,Young,Female,40,Engineering,Data Engineer,2,Consumer,SFO,2017-02-20,7451,Onsite,Sometimes,No,5,Yes,No,
357,Eleanor,Ramirez,Female,41,Customer Support,Escalations Lead,3,Consumer,LON,2023-03-22,7668,Hybrid,Sometimes,No,5,No,No,
358,Luna,Young,Female,25,Sales,Sales Development Rep,1,Enterprise,LON,2023-08-09,4769,Onsite,Rarely,Yes,2,Yes,No,
359,Jackson,Roberts,Male,47,Finance,Financial Analyst,2,Enterprise,AMS,2018-12-07,7142,Onsite,Sometimes,No,3,No,No,
360,Elijah,Harris,Male,28,Operations,Operations Analyst,1,Consumer,LON,2019-05-26,5035,Hybrid,Rarely,No,5,Yes,No,
361,Logan,Nelson,Male,37,HR,Talent Partner,3,Enterprise,BLR,2021-07-19,11399,Remote,Sometimes,No,4,No,No,
362,Michael,Mitchell,Male,24,Sales,Account Executive,2,Consumer,MEX,2020-01-03,6676,Remote,Rarely,No,3,Yes,No,
363,Elijah,Perez,Male,49,Engineering,Data Engineer,2,Consumer,BLR,2018-12-28,8020,Remote,Rarely,No,4,Yes,No,
364,Benjamin,Perez,Male,51,Engineering,Senior Software Engineer,3,Enterprise,AMS,2021-07-28,11633,Hybrid,Rarely,Yes,5,Yes,Yes,2024-05-22
365,Oliver,Rivera,Male,32,Engineering,Software Engineer,2,Consumer,NYC,2024-12-02,9438,Remote,Rarely,Yes,4,No,No,
366,William,Johnson,Male,45,Finance,FP&A Manager,3,Enterprise,LON,2021-03-29,9783,Onsite,Frequently,No,3,No,No,
367,Samuel,Martin,Male,37,Engineering,Software Engineer,2,Consumer,AMS,2019-03-21,8653,Hybrid,Frequently,Yes,3,No,No,
368,Daniel,Ramirez,Male,35,Marketing,Content Strategist,2,Consumer,NYC,2019-02-11,6827,Onsite,Rarely,No,4,Yes,No,
369,Oliver,Lee,Male,41,Engineering,Software Engineer,2,Consumer,NYC,2020-06-13,8580,Remote,Frequently,No,4,Yes,No,
370,Aiden,Harris,Male,34,Marketing,Content Strategist,2,Platform,LON,2019-01-29,7817,Onsite,Rarely,Yes,3,No,No,
371,Lucas,Moore,Male,39,Sales,Sales Manager,3,Consumer,LON,2022-10-17,11649,Hybrid,Rarely,No,2,No,No,
372,Scarlett,Hall,Female,29,Finance,FP&A Manager,3,Platform,CHI,2020-12-17,8548,Hybrid,Sometimes,Yes,3,No,No,
373,William,Lewis,Male,27,Marketing,Content Strategist,2,Platform,SFO,2016-11-24,7088,Remote,Rarely,Yes,4,No,No,
374,Aria,Campbell,Female,36,HR,HR Manager,4,Enterprise,SFO,2023-01-25,15050,Onsite,Rarely,No,3,No,Yes,2025-06-09
375,Mia,Thomas,Female,26,Finance,FP&A Manager,3,Platform,LON,2021-05-13,8630,Hybrid,Sometimes,Yes,4,Yes,No,
376,John,Torres,Male,37,Engineering,Software Engineer,2,Consumer,BLR,2021-03-09,8718,Hybrid,Sometimes,Yes,4,Yes,No,
377,Elijah,Smith,Male,39,Sales,Sales Development Rep,1,Consumer,MEX,2024-01-01,4512,Remote,Sometimes,Yes,3,No,No,
378,Daniel,Lopez,Male,33,Finance,FP&A Manager,3,Enterprise,AMS,2021-01-21,11184,Onsite,Frequently,Yes,5,No,No,
379,Ella,Rivera,Female,40,Operations,Program Manager,2,Enterprise,LON,2019-12-22,6329,Onsite,Rarely,Yes,5,No,No,
380,James,Scott,Male,34,Finance,FP&A Manager,3,Enterprise,NYC,2021-04-01,11650,Onsite,Sometimes,No,3,No,No,
381,Noah,Moore,Non-binary,33,Customer Support,Customer Success Manager,2,Platform,MEX,2018-12-16,4289,Hybrid,Frequently,No,3,No,Yes,2024-02-26
382,Emma,Anderson,Female,39,Finance,FP&A Manager,3,Consumer,LON,2021-07-20,7984,Onsite,Sometimes,No,2,No,No,
383,Ava,Wilson,Female,35,Engineering,Data Engineer,2,Consumer,BER,2022-07-18,8980,Hybrid,Sometimes,No,2,No,No,
384,Abigail,Johnson,Female,37,Sales,Sales Development Rep,1,Enterprise,SFO,2019-08-18,3332,Hybrid,Sometimes,No,3,Yes,No,
385,Mateo,Nelson,Male,41,Finance,FP&A Manager,3,Consumer,NYC,2024-03-15,9266,Onsite,Sometimes,No,5,No,No,
386,Madison,Brown,Female,40,Sales,Account Executive,2,Enterprise,NYC,2024-08-23,6587,Hybrid,Sometimes,Yes,4,Yes,No,
387,Luna,Ramirez,Female,35,Marketing,Marketing Analyst,1,Platform,SFO,2020-02-14,5362,Hybrid,Rarely,Yes,3,No,No,
388,Daniel,Green,Male,40,Sales,Sales Development Rep,1,Consumer,SIN,2024-01-02,5135,Hybrid,Sometimes,No,3,No,No,
389,Madison,Walker,Female,30,Sales,Sales Development Rep,1,Consumer,SFO,2019-04-25,4992,Onsite,Frequently,No,4,No,No,
390,Henry,Thompson,Male,43,Sales,Sales Manager,3,Enterprise,SFO,2024-10-25,8100,Remote,Frequently,No,3,No,No,
391,Henry,Perez,Male,34,Engineering,Data Engineer,2,Consumer,BLR,2016-03-14,9622,Hybrid,Frequently,Yes,3,Yes,No,
392,Theodore,Baker,Male,46,Operations,Program Manager,2,Platform,LON,2018-02-09,6132,Onsite,Rarely,No,4,Yes,No,
393,Evelyn,Roberts,Female,43,Engineering,Data Engineer,2,Consumer,AMS,2021-06-09,8891,Remote,Rarely,Yes,5,No,Yes,2024-10-14
394,Aiden,Scott,Male,40,Operations,Program Manager,2,Consumer,BLR,2021-06-21,6135,Hybrid,Frequently,No,3,Yes,No,
395,Luna,Davis,Female,47,Engineering,Senior Software Engineer,3,Enterprise,AMS,2021-04-06,8062,Hybrid,Rarely,No,3,Yes,No,
396,Wyatt,Jackson,Male,41,Finance,Controller,4,Platform,AMS,2024-12-04,11441,Remote,Sometimes,No,3,No,No,
397,Charlotte,Hernandez,Female,38,HR,HR Manager,4,Consumer,BLR,2018-05-07,14472,Hybrid,Frequently,Yes,3,No,Yes,2025-10-26
398,Avery,Anderson,Female,42,Customer Support,Support Specialist,1,Consumer,LON,2018-12-31,4350,Hybrid,Rarely,No,5,No,No,
399,Jack,Flores,Non-binary,27,Engineering,Senior Software Engineer,3,Enterprise,NYC,2018-04-21,10263,Onsite,Frequently,No,3,No,No,
400,Elijah,Gonzalez,Male,35,Sales,Sales Development Rep,1,Platform,SIN,2019-03-20,4629,Remote,Frequently,No,3,Yes,No,
401,Daniel,Clark,Male,43,Engineering,Software Engineer,2,Platform,AMS,2024-01-18,6886,Remote,Sometimes,No,5,Yes,No,
402,James,Torres,Male,34,Engineering,Software Engineer,2,Platform,SFO,2023-08-20,9256,Remote,Sometimes,Yes,5,No,No,
403,Mateo,Adams,Male,33,Engineering,Software Engineer,2,Enterprise,AMS,2016-05-31,8525,Hybrid,Sometimes,Yes,3,No,Yes,2024-06-13
404,Olivia,Wright,Female,49,Customer Support,Customer Success Manager,2,Consumer,SIN,2024-03-17,7708,Remote,Rarely,Yes,2,No,No,
405,Sebastian,Torres,Male,32,Sales,Sales Development Rep,1,Platform,MEX,2022-06-04,4950,Onsite,Sometimes,No,4,No,No,
406,Victoria,White,Female,48,Sales,Sales Manager,3,Consumer,SIN,2017-06-16,9065,Hybrid,Rarely,Yes,3,No,No,
407,Daniel,Lewis,Male,29,Marketing,Content Strategist,2,Enterprise,SIN,2021-06-08,4580,Hybrid,Rarely,No,4,Yes,No,
408,Aiden,Hernandez,Male,26,Sales,Account Executive,2,Consumer,MEX,2022-05-30,6936,Remote,Sometimes,Yes,3,No,No,
409,Riley,Martin,Female,50,Marketing,Demand Generation Manager,3,Consumer,SFO,2019-11-29,9303,Remote,Rarely,Yes,2,Yes,No,
410,Isabella,Allen,Female,26,Engineering,Data Engineer,2,Enterprise,AMS,2022-12-29,8852,Remote,Rarely,No,3,No,No,
411,Scarlett,Roberts,Female,33,Sales,Account Executive,2,Enterprise,SFO,2022-06-20,6007,Onsite,Rarely,No,4,No,No,
412,Levi,Lopez,Male,36,Engineering,Software Engineer,2,Consumer,SFO,2021-12-25,8886,Remote,Frequently,Yes,3,Yes,No,
413,Isabella,Lopez,Female,34,Sales,Account Executive,2,Enterprise,SFO,2019-08-25,8298,Onsite,Sometimes,Yes,3,No,Yes,2025-02-02
414,Victoria,Hill,Female,36,Customer Support,Support Specialist,1,Consumer,SIN,2019-07-27,4806,Hybrid,Sometimes,No,3,No,Yes,2024-06-11
415,Avery,Adams,Female,33,Operations,Business Operations Manager,4,Consumer,NYC,2020-03-09,12717,Hybrid,Sometimes,No,3,Yes,No,
416,Eleanor,Robinson,Female,41,Engineering,Data Engineer,2,Consumer,NYC,2023-08-17,8301,Remote,Rarely,No,3,No,No,
417,Layla,Davis,Female,35,Engineering,Software Engineer,2,Enterprise,BLR,2023-08-25,7685,Hybrid,Frequently,No,4,No,No,
418,Aria,Perez,Female,39,Operations,Program Manager,2,Platform,CHI,2017-12-11,5439,Onsite,Sometimes,Yes,3,No,Yes,2024-03-06
419,John,Nelson,Male,41,Finance,Controller,4,Enterprise,AMS,2020-01-06,15384,Hybrid,Sometimes,No,3,No,No,
420,Chloe,Johnson,Female,31,Customer Support,Support Specialist,1,Enterprise,MEX,2025-01-24,3000,Hybrid,Rarely,No,4,No,Yes,2025-08-12
421,Charlotte,Green,Female,27,Operations,Business Operations Manager,4,Consumer,LON,2023-07-16,14019,Onsite,Rarely,No,4,No,No,
422,Mila,Anderson,Female,35,Sales,Account Executive,2,Enterprise,MEX,2023-08-08,8069,Onsite,Rarely,No,3,No,No,
423,Jack,Brown,Male,34,Sales,Sales Development Rep,1,Consumer,SFO,2020-01-20,4138,Remote,Sometimes,No,3,Yes,No,
424,Charlotte,Perez,Female,44,Engineering,Senior Software Engineer,3,Platform,SFO,2018-10-20,8424,Hybrid,Frequently,No,3,Yes,No,
425,John,Taylor,Male,39,Marketing,Marketing Analyst,1,Consumer,LON,2019-09-28,3000,Onsite,Rarely,Yes,3,No,No,
426,Ethan,Lee,Male,44,Engineering,Software Engineer,2,Enterprise,SFO,2017-02-21,9391,Onsite,Sometimes,Yes,4,No,No,
427,Jacob,Harris,Male,41,Customer Support,Escalations Lead,3,Enterprise,LON,2024-10-11,8269,Remote,Sometimes,Yes,2,No,No,
428,Sofia,Taylor,Female,44,Engineering,Software Engineer,2,Consumer,BER,2019-06-30,9442,Hybrid,Rarely,Yes,4,No,No,
429,Elijah,Nguyen,Non-binary,31,Finance,FP&A Manager,3,Consumer,LON,2020-09-24,9402,Hybrid,Frequently,No,3,No,No,
430,Mason,Nguyen,Male,30,Engineering,Data Engineer,2,Platform,NYC,2016-06-21,7870,Hybrid,Rarely,No,5,No,No,
431,John,Perez,Male,29,Finance,Financial Analyst,2,Consumer,AMS,2016-10-29,7643,Onsite,Frequently,No,3,No,No,
432,Ella,Gonzalez,Non-binary,36,Engineering,Senior Software Engineer,3,Consumer,BER,2016-03-29,10472,Hybrid,Sometimes,Yes,3,Yes,No,
433,Amelia,White,Female,46,Operations,Program Manager,2,Enterprise,BLR,2016-09-24,7930,Remote,Frequently,No,2,No,No,
434,Sebastian,Gonzalez,Male,33,Operations,Operations Analyst,1,Consumer,MEX,2021-09-12,4891,Onsite,Sometimes,Yes,5,No,No,
435,Nora,Adams,Female,41,Finance,Financial Analyst,2,Enterprise,CHI,2023-10-15,7033,Hybrid,Rarely,No,3,No,No,
436,Amelia,Gonzalez,Female,48,Engineering,Data Engineer,2,Platform,AMS,2020-03-12,8206,Remote,Rarely,No,2,No,No,
437,Camila,Ramirez,Female,40,Engineering,Data Engineer,2,Consumer,AMS,2016-11-06,8130,Onsite,Rarely,Yes,2,No,No,
438,Charlotte,Perez,Female,33,Sales,Account Executive,2,Enterprise,LON,2018-02-19,7143,Onsite,Frequently,No,4,No,No,
439,Samuel,Adams,Male,45,Customer Support,Customer Success Manager,2,Enterprise,CHI,2018-07-18,6760,Hybrid,Sometimes,Yes,4,Yes,No,
440,Camila,Scott,Female,54,Customer Support,Escalations Lead,3,Consumer,CHI,2025-02-01,9217,Hybrid,Rarely,No,4,No,No,
441,Noah,Rodriguez,Male,49,Customer Support,Escalations Lead,3,Platform,BLR,2022-06-08,9020,Remote,Sometimes,Yes,4,No,Yes,2024-05-26
442,Sophia,Baker,Female,44,Operations,Business Operations Manager,4,Consumer,MEX,2020-04-29,13623,Remote,Rarely,No,3,No,No,
443,Sophia,Rodriguez,Female,41,Sales,Sales Development Rep,1,Consumer,MEX,2018-04-22,5216,Hybrid,Frequently,Yes,3,No,No,
444,Nora,Jones,Non-binary,35,Engineering,Software Engineer,2,Enterprise,AMS,2016-06-09,6757,Hybrid,Rarely,No,3,No,No,
445,Joseph,Lopez,Male,39,Marketing,Content Strategist,2,Consumer,SIN,2023-05-23,7015,Remote,Sometimes,No,3,No,No,
446,Owen,Jones,Male,54,Operations,Program Manager,2,Platform,NYC,2021-08-28,6780,Hybrid,Rarely,No,4,No,No,
447,Scarlett,Hall,Female,42,Customer Support,Support Specialist,1,Consumer,LON,2017-04-14,3000,Hybrid,Frequently,Yes,4,Yes,No,
448,William,Johnson,Male,40,Engineering,Senior Software Engineer,3,Consumer,NYC,2023-08-06,9596,Hybrid,Sometimes,No,3,Yes,No,
449,Emma,Green,Female,47,Operations,Business Operations Manager,4,Enterprise,MEX,2016-01-20,10522,Hybrid,Sometimes,Yes,2,No,No,
450,Charlotte,Baker,Female,41,Sales,Account Executive,2,Consumer,NYC,2017-11-15,8170,Remote,Frequently,Yes,2,No,Yes,2024-12-30
451,Liam,Harris,Male,43,Customer Support,Support Specialist,1,Enterprise,BLR,2016-10-02,3533,Onsite,Sometimes,Yes,5,No,Yes,2025-02-01
452,Samuel,Hall,Male,38,Operations,Business Operations Manager,4,Consumer,NYC,2019-10-04,11365,Hybrid,Sometimes,No,2,No,No,
453,Liam,Anderson,Male,43,Finance,Financial Analyst,2,Enterprise,NYC,2024-06-28,8519,Remote,Rarely,No,3,Yes,No,
454,Lucas,Campbell,Male,50,Customer Support,Customer Success Manager,2,Platform,SIN,2024-10-28,4703,Hybrid,Frequently,Yes,4,No,Yes,2025-11-05
455,Theodore,Campbell,Male,39,Operations,Business Operations Manager,4,Enterprise,NYC,2016-10-13,13152,Hybrid,Sometimes,No,5,Yes,No,
456,Ava,Ramirez,Female,37,Sales,Sales Manager,3,Consumer,SIN,2019-03-14,8814,Hybrid,Rarely,Yes,4,No,No,
457,Daniel,Allen,Male,38,Customer Support,Customer Success Manager,2,Enterprise,SIN,2020-04-11,6323,Remote,Sometimes,Yes,3,Yes,Yes,2024-06-03
458,Luna,Gonzalez,Female,50,Finance,Financial Analyst,2,Platform,LON,2020-03-12,7415,Onsite,Frequently,No,3,No,No,
459,Emma,Davis,Female,45,Finance,Controller,4,Platform,AMS,2024-08-25,11657,Onsite,Sometimes,No,5,No,No,
460,Jack,Harris,Male,43,Engineering,Data Engineer,2,Enterprise,AMS,2023-10-27,9052,Remote,Rarely,No,3,No,No,
461,Victoria,Garcia,Female,32,Engineering,Data Engineer,2,Consumer,AMS,2020-10-14,6996,Hybrid,Frequently,Yes,3,No,No,
462,Charlotte,Mitchell,Female,45,Marketing,Content Strategist,2,Enterprise,SIN,2017-01-31,6269,Onsite,Rarely,No,2,No,No,
463,Layla,Rodriguez,Female,29,HR,HR Generalist,2,Enterprise,LON,2018-05-20,5807,Hybrid,Rarely,No,3,Yes,No,
464,Riley,Flores,Female,33,Marketing,Content Strategist,2,Platform,NYC,2019-02-07,7946,Onsite,Rarely,No,2,Yes,No,
465,Victoria,Smith,Female,39,Engineering,Software Engineer,2,Enterprise,NYC,2024-07-15,8060,Remote,Rarely,No,4,No,No,
466,Owen,Sanchez,Male,46,Operations,Program Manager,2,Enterprise,LON,2020-07-03,5874,Remote,Frequently,No,4,No,No,
467,Penelope,Nelson,Female,47,Marketing,Demand Generation Manager,3,Enterprise,SIN,2025-02-10,9994,Hybrid,Rarely,No,3,No,No,
468,Lucas,Hill,Male,50,Operations,Business Operations Manager,4,Consumer,LON,2023-05-20,11526,Hybrid,Sometimes,No,4,No,No,
469,Sofia,Torres,Female,33,Customer Support,Support Specialist,1,Consumer,SIN,2021-03-27,5407,Hybrid,Rarely,No,3,No,Yes,2025-05-28
470,Elizabeth,Rivera,Female,46,Sales,Sales Manager,3,Consumer,NYC,2018-11-21,7715,Remote,Frequently,Yes,4,No,No,
471,Layla,Mitchell,Female,39,Finance,Controller,4,Enterprise,AMS,2018-08-13,12593,Remote,Frequently,No,3,Yes,No,
472,James,Lee,Male,46,Operations,Business Operations Manager,4,Enterprise,LON,2019-08-02,11880,Onsite,Sometimes,No,4,No,No,
473,Avery,Robinson,Female,22,Finance,Financial Analyst,2,Consumer,CHI,2021-02-09,6595,Remote,Frequently,No,3,No,No,
474,Logan,Jackson,Male,31,HR,Talent Partner,3,Consumer,BLR,2024-03-19,8943,Remote,Rarely,No,5,No,No,
475,William,Johnson,Male,36,HR,Talent Partner,3,Consumer,BLR,2020-05-20,8430,Hybrid,Frequently,No,2,No,No,
476,Sebastian,Brown,Male,44,Engineering,Software Engineer,2,Enterprise,BER,2018-06-12,8195,Remote,Rarely,Yes,3,No,No,
477,Luna,Lopez,Female,42,Engineering,Software Engineer,2,Consumer,SFO,2018-09-30,7595,Hybrid,Rarely,No,3,No,No,
478,Joseph,Nelson,Male,30,Sales,Sales Manager,3,Enterprise,NYC,2020-02-13,12475,Remote,Sometimes,No,2,Yes,No,
479,Sebastian,Walker,Male,28,Operations,Operations Analyst,1,Enterprise,BLR,2019-05-07,4316,Onsite,Sometimes,No,4,Yes,No,
480,Layla,Johnson,Female,42,Operations,Business Operations Manager,4,Enterprise,LON,2024-01-02,15300,Hybrid,Sometimes,No,4,No,No,
481,Aria,Hall,Female,53,Customer Support,Escalations Lead,3,Consumer,BLR,2023-04-27,9630,Hybrid,Rarely,Yes,3,No,Yes,2025-02-28
482,Penelope,Smith,Female,47,Customer Support,Escalations Lead,3,Consumer,BLR,2020-12-27,8469,Remote,Sometimes,No,3,No,Yes,2025-11-23
483,Mateo,Scott,Male,39,Customer Support,Customer Success Manager,2,Enterprise,BLR,2018-12-03,4610,Onsite,Sometimes,Yes,3,No,Yes,2024-10-21
484,Scarlett,Campbell,Female,37,Operations,Operations Analyst,1,Platform,BLR,2022-10-13,5575,Hybrid,Sometimes,No,3,No,No,
485,Sophia,Wright,Female,34,Sales,Sales Manager,3,Enterprise,NYC,2024-09-21,9143,Hybrid,Rarely,No,3,No,No,
486,Sophia,Davis,Female,28,Sales,Sales Development Rep,1,Enterprise,LON,2019-11-30,4581,Remote,Frequently,Yes,4,No,No,
487,David,Sanchez,Male,38,Finance,Controller,4,Enterprise,AMS,2023-05-17,15591,Onsite,Sometimes,No,3,No,No,
488,Lucas,Baker,Male,47,Operations,Business Operations Manager,4,Consumer,MEX,2020-10-18,11074,Hybrid,Sometimes,Yes,3,No,No,
489,Chloe,Thomas,Female,35,Customer Support,Support Specialist,1,Consumer,CHI,2016-02-13,3420,Onsite,Sometimes,Yes,5,No,No,
490,Olivia,Flores,Female,49,Operations,Business Operations Manager,4,Platform,NYC,2024-04-14,15511,Hybrid,Frequently,Yes,4,No,No,
491,Emily,Rodriguez,Female,36,Operations,Business Operations Manager,4,Consumer,MEX,2023-08-13,13431,Onsite,Rarely,Yes,3,No,No,
492,Ethan,Wilson,Male,42,Customer Support,Support Specialist,1,Platform,MEX,2022-12-05,4276,Remote,Sometimes,Yes,4,Yes,Yes,2025-06-23
493,Charlotte,Garcia,Female,34,Engineering,Software Engineer,2,Enterprise,NYC,2018-07-15,5363,Hybrid,Rarely,No,3,No,No,
494,William,Rodriguez,Male,40,Customer Support,Customer Success Manager,2,Enterprise,MEX,2019-03-12,7295,Onsite,Frequently,Yes,2,No,Yes,2024-08-10
495,Victoria,Roberts,Female,28,Marketing,Marketing Analyst,1,Enterprise,SIN,2017-03-25,4294,Remote,Frequently,No,5,No,Yes,2025-01-14
496,Luna,Jackson,Female,48,Engineering,Data Engineer,2,Enterprise,BER,2024-08-06,9379,Hybrid,Rarely,Yes,3,No,No,
497,Mateo,Lopez,Male,39,Marketing,Demand Generation Manager,3,Platform,LON,2017-06-25,8408,Hybrid,Sometimes,Yes,3,No,No,
498,Evelyn,Hall,Female,38,Sales,Account Executive,2,Consumer,LON,2017-03-26,6462,Hybrid,Sometimes,Yes,3,No,Yes,2025-11-12
499,Mason,Wilson,Male,36,Customer Support,Support Specialist,1,Enterprise,MEX,2020-01-29,3392,Remote,Rarely,No,3,Yes,No,
500,Scarlett,Moore,Female,47,Marketing,Marketing Analyst,1,Enterprise,LON,2022-10-01,5071,Onsite,Rarely,No,3,No,No,
501,Avery,Flores,Female,23,Customer Support,Customer Success Manager,2,Consumer,MEX,2017-06-07,7319,Hybrid,Sometimes,No,3,No,No,
502,Jackson,Johnson,Male,43,Engineering,Senior Software Engineer,3,Enterprise,BLR,2023-10-12,10733,Onsite,Rarely,No,4,No,No,
503,Sofia,Harris,Female,38,Engineering,Software Engineer,2,Enterprise,NYC,2023-10-24,8239,Hybrid,Rarely,Yes,5,No,No,
504,William,Anderson,Male,42,Customer Support,Escalations Lead,3,Enterprise,CHI,2017-06-28,7610,Hybrid,Sometimes,Yes,3,No,Yes,2024-04-20
505,Wyatt,Scott,Male,29,Operations,Program Manager,2,Enterprise,BLR,2025-03-28,8399,Hybrid,Sometimes,No,3,No,No,
506,Mateo,Roberts,Non-binary,35,Operations,Business Operations Manager,4,Consumer,MEX,2022-03-06,10482,Hybrid,Sometimes,No,3,No,No,
507,Chloe,Campbell,Female,34,Engineering,Senior Software Engineer,3,Consumer,AMS,2018-02-12,11531,Hybrid,Rarely,No,5,Yes,No,
508,Oliver,Martinez,Male,42,Operations,Program Manager,2,Consumer,CHI,2024-05-31,6676,Hybrid,Sometimes,Yes,4,No,Yes,2025-12-17
509,Victoria,Garcia,Female,57,Marketing,Marketing Analyst,1,Consumer,SFO,2024-11-16,4367,Hybrid,Rarely,No,2,No,No,
510,Sebastian,Lewis,Male,35,HR,HR Generalist,2,Consumer,LON,2018-12-31,9808,Hybrid,Rarely,No,4,Yes,No,
511,Riley,Anderson,Female,31,Customer Support,Escalations Lead,3,Consumer,CHI,2023-09-04,8628,Hybrid,Rarely,Yes,3,No,No,
512,Abigail,Davis,Female,47,Customer Support,Customer Success Manager,2,Platform,MEX,2021-12-12,5928,Remote,Frequently,No,3,Yes,No,
513,David,Martinez,Male,38,Marketing,Marketing Analyst,1,Consumer,LON,2021-05-13,3523,Hybrid,Sometimes,No,4,Yes,No,
514,Michael,Lee,Male,32,Customer Support,Support Specialist,1,Consumer,LON,2024-12-29,4451,Hybrid,Rarely,No,5,No,No,
515,Mila,Roberts,Female,35,Engineering,Data Engineer,2,Enterprise,BLR,2017-07-01,6236,Remote,Rarely,No,2,No,No,
516,Amelia,Brown,Female,46,Operations,Program Manager,2,Consumer,NYC,2016-08-09,5672,Hybrid,Frequently,Yes,4,No,Yes,2025-10-13
517,Logan,Mitchell,Male,47,Sales,Sales Development Rep,1,Enterprise,LON,2024-10-05,4236,Hybrid,Sometimes,No,4,Yes,No,
518,Jackson,Hernandez,Male,43,Operations,Operations Analyst,1,Consumer,CHI,2022-06-01,4533,Hybrid,Sometimes,Yes,3,No,No,
519,Aria,Brown,Female,47,Operations,Operations Analyst,1,Consumer,NYC,2021-05-09,3688,Remote,Sometimes,No,3,No,No,
520,Ava,White,Female,30,Finance,Financial Analyst,2,Consumer,CHI,2022-09-11,8840,Hybrid,Sometimes,Yes,2,No,No,
521,Sebastian,Walker,Male,29,Customer Support,Support Specialist,1,Consumer,CHI,2020-06-18,3183,Onsite,Rarely,No,3,No,No,
522,Jackson,Roberts,Male,41,Sales,Sales Development Rep,1,Consumer,LON,2017-10-22,4900,Remote,Frequently,Yes,3,No,No,
523,Daniel,Williams,Male,43,Customer Support,Customer Success Manager,2,Consumer,LON,2021-07-30,6810,Remote,Sometimes,Yes,2,Yes,No,
524,Emily,Thompson,Female,45,Operations,Operations Analyst,1,Consumer,CHI,2020-12-15,4613,Hybrid,Frequently,No,4,Yes,No,
525,James,Lewis,Male,33,Customer Support,Customer Success Manager,2,Enterprise,MEX,2021-01-17,8101,Hybrid,Rarely,No,3,No,No,
526,Mila,Sanchez,Female,32,Sales,Account Executive,2,Consumer,NYC,2021-12-31,7247,Remote,Sometimes,No,5,No,No,
527,Ava,Lee,Female,41,Operations,Program Manager,2,Platform,BLR,2017-09-29,5454,Hybrid,Sometimes,Yes,5,Yes,Yes,2024-12-25
528,Grace,Johnson,Female,32,Marketing,Content Strategist,2,Consumer,SIN,2020-07-17,6832,Hybrid,Rarely,Yes,2,No,No,
529,Daniel,Perez,Male,37,Customer Support,Support Specialist,1,Consumer,MEX,2017-10-20,4259,Hybrid,Rarely,No,5,No,No,
530,Sebastian,Flores,Male,33,Operations,Operations Analyst,1,Consumer,NYC,2017-09-08,4952,Remote,Frequently,Yes,5,No,No,
531,Charlotte,Mitchell,Female,57,Finance,Controller,4,Consumer,LON,2019-11-26,12812,Hybrid,Rarely,No,3,Yes,No,
532,Nora,Martin,Female,43,Operations,Program Manager,2,Platform,MEX,2022-01-30,7192,Onsite,Frequently,Yes,3,No,Yes,2024-04-30
533,Penelope,Hall,Female,37,Sales,Sales Development Rep,1,Enterprise,SIN,2016-12-24,4654,Hybrid,Frequently,Yes,4,Yes,No,
534,Noah,Nelson,Male,27,Sales,Sales Development Rep,1,Platform,SFO,2021-04-07,4094,Onsite,Sometimes,Yes,5,No,No,
535,Eleanor,Clark,Female,41,Engineering,Senior Software Engineer,3,Consumer,BLR,2021-10-26,11043,Onsite,Rarely,No,4,No,No,
536,Ethan,Brown,Male,33,Customer Support,Customer Success Manager,2,Consumer,SIN,2019-07-27,6465,Remote,Rarely,No,3,No,Yes,2025-02-03
537,Scarlett,Roberts,Female,27,Customer Support,Support Specialist,1,Consumer,SIN,2016-04-13,4332,Hybrid,Sometimes,No,4,Yes,No,
538,Eleanor,Thomas,Female,32,Finance,Financial Analyst,2,Enterprise,AMS,2023-01-13,7641,Hybrid,Rarely,No,2,No,No,
539,Evelyn,Taylor,Female,40,Sales,Sales Manager,3,Consumer,LON,2021-07-04,8876,Hybrid,Frequently,No,4,No,No,
540,William,Martin,Male,40,Operations,Business Operations Manager,4,Platform,CHI,2019-11-21,12905,Hybrid,Frequently,Yes,3,No,No,
541,Benjamin,White,Male,36,Engineering,Data Engineer,2,Platform,SFO,2019-01-25,7244,Onsite,Rarely,Yes,5,No,No,
542,Henry,Lopez,Male,36,Engineering,Data Engineer,2,Enterprise,BLR,2019-06-30,8804,Hybrid,Rarely,No,3,No,No,
543,Mateo,Miller,Male,44,Engineering,Data Engineer,2,Consumer,NYC,2016-05-18,7948,Remote,Rarely,Yes,3,No,No,
544,Charlotte,Nelson,Female,33,Engineering,Software Engineer,2,Consumer,BER,2021-03-21,9401,Hybrid,Rarely,Yes,3,No,No,
545,Wyatt,Nelson,Male,27,Sales,Sales Development Rep,1,Enterprise,NYC,2018-03-22,6323,Hybrid,Sometimes,No,3,No,Yes,2025-03-24
546,Abigail,Nguyen,Female,38,Engineering,Software Engineer,2,Consumer,AMS,2021-03-06,6923,Remote,Rarely,Yes,4,No,No,
547,Abigail,Carter,Female,43,Marketing,Content Strategist,2,Consumer,SFO,2020-05-30,6173,Hybrid,Rarely,No,3,No,No,
548,Elijah,Johnson,Male,38,Operations,Operations Analyst,1,Consumer,NYC,2017-11-28,4305,Onsite,Sometimes,Yes,2,No,Yes,2025-11-16
549,Layla,Flores,Female,32,Sales,Sales Development Rep,1,Consumer,SIN,2017-08-29,4577,Onsite,Sometimes,Yes,4,No,Yes,2024-07-08
550,Henry,Lee,Male,36,Customer Support,Customer Success Manager,2,Consumer,LON,2018-09-19,6554,Onsite,Rarely,Yes,4,No,No,
551,Ethan,Gonzalez,Male,32,Customer Support,Escalations Lead,3,Consumer,LON,2024-07-11,8435,Onsite,Sometimes,No,5,No,No,
552,Joseph,Flores,Non-binary,31,Sales,Sales Development Rep,1,Consumer,MEX,2022-06-22,4345,Hybrid,Sometimes,No,4,Yes,No,
553,Penelope,King,Female,29,Operations,Operations Analyst,1,Consumer,LON,2020-10-30,3479,Onsite,Sometimes,Yes,3,Yes,Yes,2024-12-04
554,Ella,Lopez,Female,45,HR,Talent Partner,3,Enterprise,SFO,2023-04-01,9404,Hybrid,Rarely,No,3,Yes,No,
555,Avery,Miller,Female,48,Operations,Business Operations Manager,4,Consumer,BLR,2023-10-04,12624,Hybrid,Sometimes,No,3,Yes,No,
556,Aiden,Smith,Male,38,Customer Support,Customer Success Manager,2,Consumer,CHI,2023-09-18,7715,Remote,Sometimes,No,3,No,Yes,2025-12-17
557,Harper,Jones,Female,33,Finance,FP&A Manager,3,Enterprise,LON,2022-07-16,10040,Remote,Sometimes,No,2,No,No,
558,William,Carter,Male,32,Engineering,Senior Software Engineer,3,Enterprise,BLR,2022-02-13,9204,Hybrid,Sometimes,Yes,4,No,Yes,2024-07-18
559,Penelope,King,Female,40,Marketing,Marketing Analyst,1,Consumer,NYC,2020-01-03,5851,Hybrid,Rarely,No,3,No,No,
560,Riley,Harris,Female,36,Engineering,Software Engineer,2,Platform,SFO,2021-11-28,9563,Remote,Sometimes,No,5,No,No,
561,Theodore,Perez,Male,35,Customer Support,Support Specialist,1,Consumer,SIN,2017-03-27,3000,Remote,Sometimes,Yes,5,No,Yes,2025-03-04
562,Mila,Davis,Female,29,Sales,Account Executive,2,Enterprise,NYC,2017-07-18,8212,Onsite,Frequently,Yes,3,No,Yes,2024-05-10
563,Riley,Thompson,Female,39,Operations,Program Manager,2,Platform,NYC,2019-05-22,7305,Hybrid,Frequently,Yes,4,Yes,Yes,2024-06-11
564,Riley,Green,Female,30,Customer Support,Customer Success Manager,2,Enterprise,LON,2020-12-15,5254,Hybrid,Frequently,Yes,4,No,Yes,2025-12-02
565,Isabella,Flores,Female,21,Operations,Operations Analyst,1,Enterprise,BLR,2016-08-07,3166,Hybrid,Sometimes,No,4,No,Yes,2024-07-18
566,Eleanor,Adams,Female,28,Engineering,Software Engineer,2,Consumer,SFO,2024-04-20,9336,Hybrid,Rarely,Yes,4,No,No,
567,Jack,Martinez,Male,25,Operations,Operations Analyst,1,Enterprise,BLR,2016-10-02,3596,Hybrid,Frequently,Yes,2,No,Yes,2024-07-31
568,Luna,Lopez,Female,43,Engineering,Software Engineer,2,Platform,BLR,2020-11-05,7322,Remote,Frequently,No,2,Yes,No,
569,Owen,Moore,Male,29,Customer Support,Support Specialist,1,Consumer,LON,2019-03-06,3680,Remote,Rarely,No,3,No,No,
570,Layla,Allen,Non-binary,42,HR,Talent Partner,3,Consumer,LON,2023-05-10,11349,Hybrid,Rarely,Yes,3,No,No,
571,Ella,Jones,Female,35,Marketing,Content Strategist,2,Consumer,SIN,2021-09-07,8311,Hybrid,Sometimes,No,4,No,No,
572,Ethan,Jones,Male,48,Operations,Program Manager,2,Consumer,CHI,2019-08-18,7814,Hybrid,Sometimes,No,4,No,No,
573,Samuel,Clark,Male,37,Sales,Account Executive,2,Consumer,NYC,2020-03-13,6776,Onsite,Frequently,No,4,No,No,
574,Benjamin,Taylor,Male,48,Customer Support,Escalations Lead,3,Consumer,LON,2025-01-25,8040,Hybrid,Rarely,No,4,Yes,No,
575,Sebastian,Wright,Male,40,Marketing,Demand Generation Manager,3,Consumer,NYC,2021-12-03,9182,Hybrid,Frequently,No,3,No,No,
576,Ella,Jones,Female,26,Operations,Operations Analyst,1,Consumer,MEX,2019-09-17,4402,Remote,Rarely,No,2,No,No,
577,Mila,Thomas,Female,48,Sales,Account Executive,2,Platform,MEX,2017-03-30,6977,Hybrid,Rarely,No,4,No,No,
578,Nora,Carter,Female,37,Sales,Sales Development Rep,1,Consumer,NYC,2016-09-12,3286,Hybrid,Frequently,No,3,Yes,No,
579,Oliver,Scott,Male,40,Operations,Business Operations Manager,4,Platform,LON,2020-11-02,10856,Onsite,Rarely,No,3,No,Yes,2025-11-04
580,Ethan,Baker,Male,38,Sales,Account Executive,2,Enterprise,NYC,2020-10-14,8249,Onsite,Sometimes,No,3,Yes,No,
581,Elizabeth,Brown,Female,55,Finance,FP&A Manager,3,Consumer,LON,2025-01-21,11274,Hybrid,Rarely,No,4,No,No,
582,Oliver,Brown,Male,35,Sales,Sales Manager,3,Consumer,LON,2019-04-12,7130,Hybrid,Sometimes,No,3,No,Yes,2025-10-13
583,Aiden,Thompson,Male,42,Sales,Sales Manager,3,Consumer,LON,2018-09-27,8162,Hybrid,Sometimes,No,3,No,No,
584,Mateo,Young,Male,43,Sales,Sales Development Rep,1,Consumer,SFO,2022-03-14,5080,Remote,Sometimes,Yes,3,No,No,
585,Ella,Martin,Female,43,Sales,Account Executive,2,Consumer,NYC,2020-12-23,6475,Remote,Rarely,No,2,Yes,No,
586,Matthew,Johnson,Male,40,Finance,Financial Analyst,2,Platform,CHI,2024-06-28,7542,Remote,Sometimes,No,2,No,No,
587,Aiden,Baker,Male,35,Operations,Operations Analyst,1,Platform,BLR,2017-10-27,4514,Remote,Sometimes,No,5,No,No,
588,Mateo,Wright,Non-binary,43,HR,Talent Partner,3,Consumer,SFO,2023-05-24,7988,Hybrid,Sometimes,No,3,No,No,
589,John,Taylor,Male,27,Sales,Sales Development Rep,1,Consumer,LON,2023-02-25,4527,Onsite,Rarely,No,4,Yes,No,
590,Ava,Lewis,Female,39,Sales,Sales Manager,3,Consumer,LON,2017-12-15,12442,Remote,Sometimes,Yes,3,No,No,
591,Layla,Anderson,Female,54,Operations,Business Operations Manager,4,Platform,CHI,2022-01-22,15574,Remote,Rarely,No,4,No,No,
592,Mila,White,Female,26,Sales,Account Executive,2,Consumer,SIN,2020-01-15,6747,Hybrid,Rarely,No,3,No,No,
593,Emma,Jackson,Female,40,Operations,Business Operations Manager,4,Platform,NYC,2021-09-12,13403,Onsite,Frequently,No,4,No,No,
594,Matthew,Anderson,Male,51,Sales,Sales Manager,3,Enterprise,MEX,2021-12-01,7026,Hybrid,Sometimes,No,4,No,No,
595,Alexander,Thomas,Male,45,Engineering,Senior Software Engineer,3,Consumer,BER,2018-09-14,12321,Hybrid,Rarely,Yes,5,No,No,
596,Eleanor,Rodriguez,Female,32,Finance,FP&A Manager,3,Enterprise,LON,2018-12-02,8661,Hybrid,Sometimes,Yes,4,No,No,
597,Benjamin,Lopez,Male,34,Sales,Sales Development Rep,1,Consumer,SIN,2024-04-30,6007,Onsite,Sometimes,No,2,No,No,
598,Jackson,Harris,Male,41,HR,HR Generalist,2,Consumer,BLR,2017-05-02,5051,Hybrid,Sometimes,No,3,No,No,
599,Riley,Thompson,Female,54,Finance,Controller,4,Platform,AMS,2024-06-30,11967,Hybrid,Sometimes,No,3,Yes,No,
600,Olivia,Nguyen,Female,27,Marketing,Marketing Analyst,1,Enterprise,SFO,2024-02-07,4698,Hybrid,Rarely,Yes,4,No,No,
601,David,Ramirez,Male,34,Sales,Sales Manager,3,Consumer,SFO,2024-03-28,13417,Hybrid,Rarely,No,5,No,No,
602,Evelyn,Hernandez,Female,51,Customer Support,Escalations Lead,3,Consumer,CHI,2018-11-28,9211,Hybrid,Rarely,Yes,5,No,No,
603,Noah,Wright,Male,47,Marketing,Demand Generation Manager,3,Consumer,LON,2022-05-28,8571,Remote,Rarely,Yes,3,No,No,
604,Jackson,Nelson,Non-binary,32,Engineering,Software Engineer,2,Platform,SFO,2019-10-05,7954,Hybrid,Sometimes,Yes,4,No,Yes,2024-07-15
605,Jack,Williams,Male,39,Customer Support,Escalations Lead,3,Consumer,CHI,2021-04-09,10415,Hybrid,Frequently,No,3,No,No,
606,Avery,Flores,Female,44,HR,HR Generalist,2,Enterprise,LON,2023-01-28,6763,Onsite,Sometimes,No,4,No,No,
607,Wyatt,Jackson,Male,47,Finance,Financial Analyst,2,Enterprise,AMS,2019-04-25,6610,Hybrid,Sometimes,No,2,Yes,No,
608,Scarlett,Thomas,Non-binary,41,Marketing,Content Strategist,2,Consumer,SIN,2023-10-25,6075,Hybrid,Rarely,Yes,3,Yes,Yes,2025-03-08
609,Victoria,Lee,Female,35,Customer Support,Support Specialist,1,Enterprise,MEX,2016-08-11,4691,Hybrid,Sometimes,Yes,3,No,No,
610,Aria,Flores,Female,25,Sales,Account Executive,2,Consumer,SFO,2024-10-01,8445,Hybrid,Rarely,No,4,No,No,
611,Avery,Gonzalez,Female,38,Sales,Account Executive,2,Platform,LON,2020-03-11,9277,Hybrid,Sometimes,Yes,3,Yes,Yes,2025-12-10
612,Joseph,Young,Male,35,Marketing,Marketing Analyst,1,Consumer,NYC,2018-10-09,5343,Hybrid,Rarely,No,2,No,No,
613,Sofia,Campbell,Female,24,Marketing,Content Strategist,2,Consumer,SIN,2017-01-26,5387,Hybrid,Sometimes,No,4,No,No,
614,Liam,Martin,Male,42,Operations,Program Manager,2,Enterprise,BLR,2018-06-29,7906,Onsite,Sometimes,Yes,5,No,Yes,2024-08-09
615,Jacob,Anderson,Male,27,HR,Talent Partner,3,Consumer,NYC,2023-03-17,10500,Onsite,Rarely,No,3,Yes,No,
616,Luna,Nguyen,Female,46,Sales,Sales Manager,3,Consumer,LON,2024-07-12,11024,Hybrid,Sometimes,No,3,No,No,
617,Layla,Torres,Female,45,Customer Support,Customer Success Manager,2,Consumer,SIN,2022-02-12,6659,Onsite,Sometimes,Yes,3,No,No,
618,Sophia,Ramirez,Female,46,Engineering,Data Engineer,2,Consumer,SFO,2017-04-10,6492,Remote,Rarely,Yes,3,Yes,Yes,2024-10-11
619,Abigail,Flores,Female,41,Operations,Business Operations Manager,4,Enterprise,BLR,2020-02-29,10701,Onsite,Sometimes,No,3,No,No,
620,Layla,Walker,Female,55,Operations,Business Operations Manager,4,Consumer,CHI,2018-03-27,13933,Onsite,Frequently,No,4,No,No,
621,Wyatt,Anderson,Male,23,Engineering,Software Engineer,2,Enterprise,BER,2019-06-06,9686,Remote,Rarely,No,4,No,No,
622,Sophia,Rodriguez,Female,48,HR,Talent Partner,3,Consumer,BLR,2025-01-19,8408,Remote,Sometimes,Yes,4,No,No,
623,Luna,Smith,Female,29,Sales,Sales Manager,3,Consumer,SFO,2021-04-16,11667,Remote,Frequently,No,3,No,No,
624,Mason,King,Male,44,HR,Talent Partner,3,Platform,NYC,2019-02-11,8957,Remote,Frequently,No,4,No,No,
625,David,Robinson,Male,34,Finance,Financial Analyst,2,Enterprise,CHI,2018-02-21,9416,Onsite,Sometimes,No,3,Yes,No,
626,Liam,Nguyen,Male,36,Sales,Sales Development Rep,1,Consumer,SFO,2019-01-23,5462,Remote,Sometimes,Yes,2,No,No,
627,Mateo,Green,Male,32,Operations,Operations Analyst,1,Enterprise,LON,2016-04-28,5717,Hybrid,Frequently,Yes,4,No,No,
628,Sophia,Wright,Female,34,Sales,Sales Manager,3,Platform,SFO,2019-07-20,10961,Onsite,Rarely,No,5,Yes,No,
629,Eleanor,Nelson,Female,35,Customer Support,Support Specialist,1,Consumer,CHI,2020-12-21,4393,Remote,Sometimes,Yes,2,No,Yes,2025-10-03
630,Ava,Lopez,Female,38,Engineering,Senior Software Engineer,3,Consumer,SFO,2020-03-14,11945,Remote,Frequently,Yes,5,No,No,
631,Charlotte,Moore,Female,36,Sales,Sales Development Rep,1,Consumer,LON,2022-06-28,5518,Hybrid,Sometimes,No,3,No,No,
632,Sebastian,Harris,Male,41,HR,HR Generalist,2,Enterprise,LON,2025-02-03,6579,Onsite,Sometimes,No,4,No,No,
633,Oliver,Allen,Male,52,Operations,Business Operations Manager,4,Consumer,NYC,2017-07-26,10703,Hybrid,Rarely,Yes,3,No,No,
634,Abigail,Perez,Female,30,Finance,Financial Analyst,2,Consumer,NYC,2024-06-07,5399,Hybrid,Rarely,No,2,No,No,
635,Eleanor,Thomas,Female,44,Engineering,Senior Software Engineer,3,Enterprise,BER,2018-08-17,9645,Hybrid,Rarely,No,5,No,No,
636,William,Allen,Male,36,Customer Support,Escalations Lead,3,Platform,BLR,2022-05-15,7804,Remote,Frequently,Yes,4,Yes,No,
637,Mia,Thomas,Female,43,Customer Support,Support Specialist,1,Consumer,BLR,2016-01-21,4770,Hybrid,Rarely,No,3,No,No,
638,Riley,Miller,Female,49,Finance,FP&A Manager,3,Consumer,AMS,2019-03-05,9994,Remote,Rarely,No,4,No,No,
639,Aria,Lopez,Female,52,Finance,Controller,4,Consumer,LON,2024-06-05,12238,Hybrid,Frequently,No,3,Yes,No,
640,Scarlett,Lopez,Female,30,Customer Support,Customer Success Manager,2,Consumer,LON,2020-09-23,7436,Hybrid,Sometimes,No,3,No,No,
641,Mila,Allen,Female,30,Operations,Operations Analyst,1,Enterprise,LON,2020-10-06,3547,Onsite,Sometimes,Yes,3,No,No,
642,Daniel,Wright,Male,48,Marketing,Content Strategist,2,Platform,SIN,2023-12-08,5692,Onsite,Rarely,No,4,Yes,No,
643,Sophia,Young,Female,40,Engineering,Software Engineer,2,Consumer,AMS,2025-03-09,6219,Hybrid,Sometimes,Yes,3,No,No,
644,Emma,Wright,Female,60,Finance,Controller,4,Consumer,AMS,2023-02-05,14595,Onsite,Rarely,No,3,No,No,
645,Wyatt,Campbell,Male,40,Engineering,Data Engineer,2,Enterprise,NYC,2025-02-09,9279,Onsite,Rarely,No,3,No,No,
646,Mia,Mitchell,Female,48,Finance,FP&A Manager,3,Enterprise,CHI,2017-04-21,12035,Hybrid,Rarely,No,4,No,No,
647,Michael,Torres,Male,45,Engineering,Software Engineer,2,Consumer,AMS,2016-07-06,9178,Remote,Rarely,No,5,No,No,
648,Camila,Hill,Female,39,Marketing,Marketing Analyst,1,Consumer,SFO,2022-11-09,5148,Onsite,Sometimes,Yes,3,No,No,
649,Abigail,Lee,Female,42,Engineering,Senior Software Engineer,3,Platform,BER,2020-05-16,11714,Hybrid,Frequently,Yes,2,No,No,
650,Jacob,Baker,Male,49,Engineering,Senior Software Engineer,3,Consumer,AMS,2016-04-05,10217,Hybrid,Rarely,No,3,No,No,
